timestamp,gpu_uuid,util_pct,mem_used_mib,mem_total_mib,temp_c,power_w,sm_mhz,mem_mhz
2026-07-10T05:13:38,GPU-fcd97b9d-0c2b-3db7-6002-81a1e2c785ea, 23, 0, 10240, 55, 20.78, 660, 810
2026-07-10T05:13:38,GPU-65b9a886-d157-27fa-09d1-8894bc5cc135, 0, 4511, 10240, 41, 17.70, 210, 405
2026-07-10T05:13:39,GPU-fcd97b9d-0c2b-3db7-6002-81a1e2c785ea, 0, 0, 10240, 55, 31.85, 660, 810
2026-07-10T05:13:39,GPU-65b9a886-d157-27fa-09d1-8894bc5cc135, 0, 4511, 10240, 41, 17.67, 210, 405
2026-07-10T05:13:40,GPU-fcd97b9d-0c2b-3db7-6002-81a1e2c785ea, 0, 2605, 10240, 57, 38.08, 1740, 9251
2026-07-10T05:13:40,GPU-65b9a886-d157-27fa-09d1-8894bc5cc135, 0, 4511, 10240, 41, 17.49, 210, 405
2026-07-10T05:13:41,GPU-fcd97b9d-0c2b-3db7-6002-81a1e2c785ea, 0, 2605, 10240, 58, 89.85, 1740, 9251
2026-07-10T05:13:41,GPU-65b9a886-d157-27fa-09d1-8894bc5cc135, 0, 4511, 10240, 41, 17.51, 210, 405
2026-07-10T05:13:42,GPU-fcd97b9d-0c2b-3db7-6002-81a1e2c785ea, 0, 2605, 10240, 59, 90.83, 1740, 9251
2026-07-10T05:13:42,GPU-65b9a886-d157-27fa-09d1-8894bc5cc135, 0, 4511, 10240, 41, 17.65, 210, 405
2026-07-10T05:13:43,GPU-fcd97b9d-0c2b-3db7-6002-81a1e2c785ea, 0, 2605, 10240, 59, 90.90, 1740, 9251
2026-07-10T05:13:43,GPU-65b9a886-d157-27fa-09d1-8894bc5cc135, 0, 4511, 10240, 41, 17.60, 210, 405
2026-07-10T05:13:44,GPU-fcd97b9d-0c2b-3db7-6002-81a1e2c785ea, 0, 2605, 10240, 59, 91.05, 1740, 9251
2026-07-10T05:13:44,GPU-65b9a886-d157-27fa-09d1-8894bc5cc135, 0, 4511, 10240, 41, 17.78, 210, 405
2026-07-10T05:13:45,GPU-fcd97b9d-0c2b-3db7-6002-81a1e2c785ea, 0, 2605, 10240, 59, 91.18, 1740, 9251
2026-07-10T05:13:45,GPU-65b9a886-d157-27fa-09d1-8894bc5cc135, 0, 4511, 10240, 41, 17.89, 210, 405
2026-07-10T05:13:46,GPU-fcd97b9d-0c2b-3db7-6002-81a1e2c785ea, 0, 2605, 10240, 59, 91.08, 1740, 9251
2026-07-10T05:13:46,GPU-65b9a886-d157-27fa-09d1-8894bc5cc135, 0, 4511, 10240, 41, 17.62, 210, 405
2026-07-10T05:13:47,GPU-fcd97b9d-0c2b-3db7-6002-81a1e2c785ea, 0, 6007, 10240, 59, 91.01, 1740, 9251
2026-07-10T05:13:47,GPU-65b9a886-d157-27fa-09d1-8894bc5cc135, 0, 4511, 10240, 41, 17.62, 210, 405
2026-07-10T05:13:48,GPU-fcd97b9d-0c2b-3db7-6002-81a1e2c785ea, 15, 6007, 10240, 59, 91.93, 1740, 9251
2026-07-10T05:13:48,GPU-65b9a886-d157-27fa-09d1-8894bc5cc135, 0, 4511, 10240, 41, 17.73, 210, 405
2026-07-10T05:13:49,GPU-fcd97b9d-0c2b-3db7-6002-81a1e2c785ea, 11, 6131, 10240, 59, 92.28, 1740, 9251
2026-07-10T05:13:49,GPU-65b9a886-d157-27fa-09d1-8894bc5cc135, 0, 4511, 10240, 41, 17.62, 210, 405
2026-07-10T05:13:51,GPU-fcd97b9d-0c2b-3db7-6002-81a1e2c785ea, 9, 3381, 10240, 61, 115.66, 1980, 9251
2026-07-10T05:13:51,GPU-65b9a886-d157-27fa-09d1-8894bc5cc135, 0, 4511, 10240, 41, 17.66, 210, 405
2026-07-10T05:13:52,GPU-fcd97b9d-0c2b-3db7-6002-81a1e2c785ea, 12, 3381, 10240, 61, 120.37, 1740, 9251
2026-07-10T05:13:52,GPU-65b9a886-d157-27fa-09d1-8894bc5cc135, 0, 4511, 10240, 41, 17.83, 210, 405
2026-07-10T05:13:53,GPU-fcd97b9d-0c2b-3db7-6002-81a1e2c785ea, 0, 3381, 10240, 59, 95.13, 1740, 9251
2026-07-10T05:13:53,GPU-65b9a886-d157-27fa-09d1-8894bc5cc135, 0, 4511, 10240, 41, 17.66, 210, 405
2026-07-10T05:13:54,GPU-fcd97b9d-0c2b-3db7-6002-81a1e2c785ea, 0, 3381, 10240, 59, 92.07, 1740, 9251
2026-07-10T05:13:54,GPU-65b9a886-d157-27fa-09d1-8894bc5cc135, 0, 4511, 10240, 41, 17.60, 210, 405
2026-07-10T05:13:55,GPU-fcd97b9d-0c2b-3db7-6002-81a1e2c785ea, 0, 3381, 10240, 59, 91.57, 1740, 9251
2026-07-10T05:13:55,GPU-65b9a886-d157-27fa-09d1-8894bc5cc135, 0, 4511, 10240, 41, 17.78, 210, 405
2026-07-10T05:13:56,GPU-fcd97b9d-0c2b-3db7-6002-81a1e2c785ea, 0, 3381, 10240, 59, 91.45, 1740, 9251
2026-07-10T05:13:56,GPU-65b9a886-d157-27fa-09d1-8894bc5cc135, 0, 4511, 10240, 41, 17.80, 210, 405
2026-07-10T05:13:57,GPU-fcd97b9d-0c2b-3db7-6002-81a1e2c785ea, 0, 3381, 10240, 59, 91.24, 1740, 9251
2026-07-10T05:13:57,GPU-65b9a886-d157-27fa-09d1-8894bc5cc135, 0, 4511, 10240, 41, 17.91, 210, 405
2026-07-10T05:13:58,GPU-fcd97b9d-0c2b-3db7-6002-81a1e2c785ea, 0, 3381, 10240, 59, 91.25, 1740, 9251
2026-07-10T05:13:58,GPU-65b9a886-d157-27fa-09d1-8894bc5cc135, 0, 4511, 10240, 41, 17.96, 210, 405
2026-07-10T05:13:59,GPU-fcd97b9d-0c2b-3db7-6002-81a1e2c785ea, 0, 3381, 10240, 59, 91.42, 1740, 9251
2026-07-10T05:13:59,GPU-65b9a886-d157-27fa-09d1-8894bc5cc135, 0, 4511, 10240, 41, 17.81, 210, 405
2026-07-10T05:14:00,GPU-fcd97b9d-0c2b-3db7-6002-81a1e2c785ea, 1, 3541, 10240, 60, 91.45, 1740, 9251
2026-07-10T05:14:00,GPU-65b9a886-d157-27fa-09d1-8894bc5cc135, 0, 4511, 10240, 41, 17.61, 210, 405
2026-07-10T05:14:01,GPU-fcd97b9d-0c2b-3db7-6002-81a1e2c785ea, 43, 3663, 10240, 67, 215.22, 1950, 9251
2026-07-10T05:14:01,GPU-65b9a886-d157-27fa-09d1-8894bc5cc135, 0, 4511, 10240, 41, 18.21, 210, 405
2026-07-10T05:14:02,GPU-fcd97b9d-0c2b-3db7-6002-81a1e2c785ea, 53, 3663, 10240, 69, 242.15, 1950, 9251
2026-07-10T05:14:02,GPU-65b9a886-d157-27fa-09d1-8894bc5cc135, 0, 4511, 10240, 41, 18.96, 210, 405
2026-07-10T05:14:03,GPU-fcd97b9d-0c2b-3db7-6002-81a1e2c785ea, 51, 3663, 10240, 70, 250.97, 1950, 9251
2026-07-10T05:14:03,GPU-65b9a886-d157-27fa-09d1-8894bc5cc135, 0, 4511, 10240, 41, 18.99, 210, 405
2026-07-10T05:14:04,GPU-fcd97b9d-0c2b-3db7-6002-81a1e2c785ea, 57, 3663, 10240, 71, 249.19, 1950, 9251
2026-07-10T05:14:04,GPU-65b9a886-d157-27fa-09d1-8894bc5cc135, 0, 4511, 10240, 41, 18.95, 210, 405
2026-07-10T05:14:05,GPU-fcd97b9d-0c2b-3db7-6002-81a1e2c785ea, 61, 3663, 10240, 71, 250.69, 1950, 9251
2026-07-10T05:14:05,GPU-65b9a886-d157-27fa-09d1-8894bc5cc135, 0, 4511, 10240, 41, 18.94, 210, 405
2026-07-10T05:14:06,GPU-fcd97b9d-0c2b-3db7-6002-81a1e2c785ea, 51, 3663, 10240, 71, 255.48, 1950, 9251
2026-07-10T05:14:06,GPU-65b9a886-d157-27fa-09d1-8894bc5cc135, 0, 4511, 10240, 41, 18.85, 210, 405
2026-07-10T05:14:07,GPU-fcd97b9d-0c2b-3db7-6002-81a1e2c785ea, 49, 3663, 10240, 71, 254.48, 1950, 9251
2026-07-10T05:14:07,GPU-65b9a886-d157-27fa-09d1-8894bc5cc135, 0, 4511, 10240, 41, 18.90, 210, 405
2026-07-10T05:14:08,GPU-fcd97b9d-0c2b-3db7-6002-81a1e2c785ea, 63, 3663, 10240, 71, 254.80, 1950, 9251
2026-07-10T05:14:08,GPU-65b9a886-d157-27fa-09d1-8894bc5cc135, 0, 4511, 10240, 41, 18.99, 210, 405
2026-07-10T05:14:09,GPU-fcd97b9d-0c2b-3db7-6002-81a1e2c785ea, 64, 3663, 10240, 72, 256.49, 1950, 9251
2026-07-10T05:14:09,GPU-65b9a886-d157-27fa-09d1-8894bc5cc135, 0, 4511, 10240, 41, 18.88, 210, 405
2026-07-10T05:14:10,GPU-fcd97b9d-0c2b-3db7-6002-81a1e2c785ea, 51, 3663, 10240, 72, 257.54, 1950, 9251
2026-07-10T05:14:10,GPU-65b9a886-d157-27fa-09d1-8894bc5cc135, 0, 4511, 10240, 41, 18.90, 210, 405
2026-07-10T05:14:11,GPU-fcd97b9d-0c2b-3db7-6002-81a1e2c785ea, 48, 3663, 10240, 73, 256.44, 1935, 9251
2026-07-10T05:14:11,GPU-65b9a886-d157-27fa-09d1-8894bc5cc135, 0, 4511, 10240, 41, 19.06, 210, 405
2026-07-10T05:14:12,GPU-fcd97b9d-0c2b-3db7-6002-81a1e2c785ea, 43, 3663, 10240, 71, 250.75, 1935, 9251
2026-07-10T05:14:12,GPU-65b9a886-d157-27fa-09d1-8894bc5cc135, 0, 4511, 10240, 41, 18.92, 210, 405
2026-07-10T05:14:14,GPU-fcd97b9d-0c2b-3db7-6002-81a1e2c785ea, 59, 3663, 10240, 72, 252.61, 1935, 9251
2026-07-10T05:14:14,GPU-65b9a886-d157-27fa-09d1-8894bc5cc135, 0, 4511, 10240, 41, 18.76, 210, 405
2026-07-10T05:14:15,GPU-fcd97b9d-0c2b-3db7-6002-81a1e2c785ea, 47, 3663, 10240, 72, 253.44, 1935, 9251
2026-07-10T05:14:15,GPU-65b9a886-d157-27fa-09d1-8894bc5cc135, 0, 4511, 10240, 41, 18.92, 210, 405
2026-07-10T05:14:16,GPU-fcd97b9d-0c2b-3db7-6002-81a1e2c785ea, 60, 3663, 10240, 73, 254.98, 1920, 9251
2026-07-10T05:14:16,GPU-65b9a886-d157-27fa-09d1-8894bc5cc135, 0, 4511, 10240, 41, 18.95, 210, 405
2026-07-10T05:14:17,GPU-fcd97b9d-0c2b-3db7-6002-81a1e2c785ea, 68, 3663, 10240, 71, 257.05, 1935, 9251
2026-07-10T05:14:17,GPU-65b9a886-d157-27fa-09d1-8894bc5cc135, 0, 4511, 10240, 41, 18.88, 210, 405
2026-07-10T05:14:18,GPU-fcd97b9d-0c2b-3db7-6002-81a1e2c785ea, 59, 3663, 10240, 73, 251.61, 1935, 9251
2026-07-10T05:14:18,GPU-65b9a886-d157-27fa-09d1-8894bc5cc135, 0, 4511, 10240, 41, 19.01, 210, 405
2026-07-10T05:14:19,GPU-fcd97b9d-0c2b-3db7-6002-81a1e2c785ea, 50, 3663, 10240, 72, 256.15, 1935, 9251
2026-07-10T05:14:19,GPU-65b9a886-d157-27fa-09d1-8894bc5cc135, 0, 4511, 10240, 41, 18.92, 210, 405
2026-07-10T05:14:20,GPU-fcd97b9d-0c2b-3db7-6002-81a1e2c785ea, 64, 3663, 10240, 74, 262.72, 1935, 9251
2026-07-10T05:14:20,GPU-65b9a886-d157-27fa-09d1-8894bc5cc135, 0, 4511, 10240, 41, 18.81, 210, 405
2026-07-10T05:14:21,GPU-fcd97b9d-0c2b-3db7-6002-81a1e2c785ea, 58, 3663, 10240, 72, 257.35, 1935, 9251
2026-07-10T05:14:21,GPU-65b9a886-d157-27fa-09d1-8894bc5cc135, 0, 4511, 10240, 41, 18.88, 210, 405
2026-07-10T05:14:22,GPU-fcd97b9d-0c2b-3db7-6002-81a1e2c785ea, 59, 3663, 10240, 73, 260.39, 1935, 9251
2026-07-10T05:14:22,GPU-65b9a886-d157-27fa-09d1-8894bc5cc135, 0, 4511, 10240, 41, 18.73, 210, 405
2026-07-10T05:14:23,GPU-fcd97b9d-0c2b-3db7-6002-81a1e2c785ea, 46, 3663, 10240, 72, 244.42, 1950, 9251
2026-07-10T05:14:23,GPU-65b9a886-d157-27fa-09d1-8894bc5cc135, 0, 4511, 10240, 41, 18.86, 210, 405
2026-07-10T05:14:24,GPU-fcd97b9d-0c2b-3db7-6002-81a1e2c785ea, 36, 3663, 10240, 71, 242.51, 1935, 9251
2026-07-10T05:14:24,GPU-65b9a886-d157-27fa-09d1-8894bc5cc135, 0, 4511, 10240, 41, 18.84, 210, 405
2026-07-10T05:14:25,GPU-fcd97b9d-0c2b-3db7-6002-81a1e2c785ea, 47, 3663, 10240, 72, 245.95, 1935, 9251
2026-07-10T05:14:25,GPU-65b9a886-d157-27fa-09d1-8894bc5cc135, 0, 4511, 10240, 41, 18.79, 210, 405
2026-07-10T05:14:26,GPU-fcd97b9d-0c2b-3db7-6002-81a1e2c785ea, 61, 3663, 10240, 73, 247.18, 1935, 9251
2026-07-10T05:14:26,GPU-65b9a886-d157-27fa-09d1-8894bc5cc135, 0, 4511, 10240, 41, 18.95, 210, 405
2026-07-10T05:14:27,GPU-fcd97b9d-0c2b-3db7-6002-81a1e2c785ea, 53, 3663, 10240, 72, 250.83, 1935, 9251
2026-07-10T05:14:27,GPU-65b9a886-d157-27fa-09d1-8894bc5cc135, 0, 4511, 10240, 41, 18.98, 210, 405
2026-07-10T05:14:28,GPU-fcd97b9d-0c2b-3db7-6002-81a1e2c785ea, 59, 3663, 10240, 73, 250.42, 1935, 9251
2026-07-10T05:14:28,GPU-65b9a886-d157-27fa-09d1-8894bc5cc135, 0, 4511, 10240, 41, 18.93, 210, 405
2026-07-10T05:14:29,GPU-fcd97b9d-0c2b-3db7-6002-81a1e2c785ea, 62, 3663, 10240, 73, 247.43, 1935, 9251
2026-07-10T05:14:29,GPU-65b9a886-d157-27fa-09d1-8894bc5cc135, 0, 4511, 10240, 41, 18.97, 210, 405
2026-07-10T05:14:30,GPU-fcd97b9d-0c2b-3db7-6002-81a1e2c785ea, 46, 3663, 10240, 73, 247.82, 1935, 9251
2026-07-10T05:14:30,GPU-65b9a886-d157-27fa-09d1-8894bc5cc135, 0, 4511, 10240, 41, 18.82, 210, 405
2026-07-10T05:14:31,GPU-fcd97b9d-0c2b-3db7-6002-81a1e2c785ea, 56, 3663, 10240, 73, 251.25, 1935, 9251
2026-07-10T05:14:31,GPU-65b9a886-d157-27fa-09d1-8894bc5cc135, 0, 4511, 10240, 41, 18.87, 210, 405
2026-07-10T05:14:32,GPU-fcd97b9d-0c2b-3db7-6002-81a1e2c785ea, 53, 3663, 10240, 74, 252.72, 1935, 9251
2026-07-10T05:14:32,GPU-65b9a886-d157-27fa-09d1-8894bc5cc135, 0, 4511, 10240, 41, 19.05, 210, 405
2026-07-10T05:14:33,GPU-fcd97b9d-0c2b-3db7-6002-81a1e2c785ea, 45, 3663, 10240, 74, 254.38, 1935, 9251
2026-07-10T05:14:33,GPU-65b9a886-d157-27fa-09d1-8894bc5cc135, 0, 4511, 10240, 41, 19.00, 210, 405
2026-07-10T05:14:34,GPU-fcd97b9d-0c2b-3db7-6002-81a1e2c785ea, 66, 3663, 10240, 74, 254.97, 1935, 9251
2026-07-10T05:14:34,GPU-65b9a886-d157-27fa-09d1-8894bc5cc135, 0, 4511, 10240, 41, 18.90, 210, 405
2026-07-10T05:14:36,GPU-fcd97b9d-0c2b-3db7-6002-81a1e2c785ea, 49, 3663, 10240, 74, 251.96, 1935, 9251
2026-07-10T05:14:36,GPU-65b9a886-d157-27fa-09d1-8894bc5cc135, 0, 4511, 10240, 41, 18.92, 210, 405
2026-07-10T05:14:37,GPU-fcd97b9d-0c2b-3db7-6002-81a1e2c785ea, 62, 3663, 10240, 74, 254.87, 1935, 9251
2026-07-10T05:14:37,GPU-65b9a886-d157-27fa-09d1-8894bc5cc135, 0, 4511, 10240, 41, 18.89, 210, 405
2026-07-10T05:14:38,GPU-fcd97b9d-0c2b-3db7-6002-81a1e2c785ea, 46, 3663, 10240, 74, 255.57, 1935, 9251
2026-07-10T05:14:38,GPU-65b9a886-d157-27fa-09d1-8894bc5cc135, 0, 4511, 10240, 41, 19.03, 210, 405
2026-07-10T05:14:39,GPU-fcd97b9d-0c2b-3db7-6002-81a1e2c785ea, 68, 3663, 10240, 74, 260.66, 1935, 9251
2026-07-10T05:14:39,GPU-65b9a886-d157-27fa-09d1-8894bc5cc135, 0, 4511, 10240, 41, 19.13, 210, 405
2026-07-10T05:14:40,GPU-fcd97b9d-0c2b-3db7-6002-81a1e2c785ea, 69, 3663, 10240, 74, 257.58, 1935, 9251
2026-07-10T05:14:40,GPU-65b9a886-d157-27fa-09d1-8894bc5cc135, 0, 4511, 10240, 41, 18.94, 210, 405
2026-07-10T05:14:41,GPU-fcd97b9d-0c2b-3db7-6002-81a1e2c785ea, 59, 3663, 10240, 75, 257.43, 1905, 9251
2026-07-10T05:14:41,GPU-65b9a886-d157-27fa-09d1-8894bc5cc135, 0, 4511, 10240, 41, 18.98, 210, 405
2026-07-10T05:14:42,GPU-fcd97b9d-0c2b-3db7-6002-81a1e2c785ea, 67, 3663, 10240, 75, 263.76, 1935, 9251
2026-07-10T05:14:42,GPU-65b9a886-d157-27fa-09d1-8894bc5cc135, 0, 4511, 10240, 41, 18.97, 210, 405
2026-07-10T05:14:43,GPU-fcd97b9d-0c2b-3db7-6002-81a1e2c785ea, 54, 3663, 10240, 74, 260.09, 1935, 9251
2026-07-10T05:14:43,GPU-65b9a886-d157-27fa-09d1-8894bc5cc135, 0, 4511, 10240, 41, 18.97, 210, 405
2026-07-10T05:14:44,GPU-fcd97b9d-0c2b-3db7-6002-81a1e2c785ea, 57, 3663, 10240, 75, 259.64, 1935, 9251
2026-07-10T05:14:44,GPU-65b9a886-d157-27fa-09d1-8894bc5cc135, 0, 4511, 10240, 41, 18.86, 210, 405
2026-07-10T05:14:45,GPU-fcd97b9d-0c2b-3db7-6002-81a1e2c785ea, 55, 3553, 10240, 73, 252.94, 1935, 9251
2026-07-10T05:14:45,GPU-65b9a886-d157-27fa-09d1-8894bc5cc135, 0, 4511, 10240, 41, 18.72, 210, 405
2026-07-10T05:14:46,GPU-fcd97b9d-0c2b-3db7-6002-81a1e2c785ea, 42, 3663, 10240, 73, 240.79, 1920, 9251
2026-07-10T05:14:46,GPU-65b9a886-d157-27fa-09d1-8894bc5cc135, 0, 4511, 10240, 41, 18.80, 210, 405
2026-07-10T05:14:47,GPU-fcd97b9d-0c2b-3db7-6002-81a1e2c785ea, 60, 3663, 10240, 74, 249.97, 1935, 9251
2026-07-10T05:14:47,GPU-65b9a886-d157-27fa-09d1-8894bc5cc135, 0, 4511, 10240, 41, 18.83, 210, 405
2026-07-10T05:14:48,GPU-fcd97b9d-0c2b-3db7-6002-81a1e2c785ea, 50, 3663, 10240, 74, 248.84, 1935, 9251
2026-07-10T05:14:48,GPU-65b9a886-d157-27fa-09d1-8894bc5cc135, 0, 4511, 10240, 41, 18.93, 210, 405
2026-07-10T05:14:49,GPU-fcd97b9d-0c2b-3db7-6002-81a1e2c785ea, 46, 3663, 10240, 74, 248.52, 1935, 9251
2026-07-10T05:14:49,GPU-65b9a886-d157-27fa-09d1-8894bc5cc135, 0, 4511, 10240, 41, 19.15, 210, 405
2026-07-10T05:14:50,GPU-fcd97b9d-0c2b-3db7-6002-81a1e2c785ea, 57, 3663, 10240, 73, 250.72, 1935, 9251
2026-07-10T05:14:50,GPU-65b9a886-d157-27fa-09d1-8894bc5cc135, 0, 4511, 10240, 41, 19.12, 210, 405
2026-07-10T05:14:51,GPU-fcd97b9d-0c2b-3db7-6002-81a1e2c785ea, 58, 3663, 10240, 74, 252.89, 1935, 9251
2026-07-10T05:14:51,GPU-65b9a886-d157-27fa-09d1-8894bc5cc135, 0, 4511, 10240, 41, 19.05, 210, 405
2026-07-10T05:14:52,GPU-fcd97b9d-0c2b-3db7-6002-81a1e2c785ea, 59, 3663, 10240, 74, 254.36, 1935, 9251
2026-07-10T05:14:52,GPU-65b9a886-d157-27fa-09d1-8894bc5cc135, 0, 4511, 10240, 41, 19.10, 210, 405
2026-07-10T05:14:53,GPU-fcd97b9d-0c2b-3db7-6002-81a1e2c785ea, 61, 3663, 10240, 74, 252.70, 1935, 9251
2026-07-10T05:14:53,GPU-65b9a886-d157-27fa-09d1-8894bc5cc135, 0, 4511, 10240, 41, 18.99, 210, 405
2026-07-10T05:14:54,GPU-fcd97b9d-0c2b-3db7-6002-81a1e2c785ea, 56, 3663, 10240, 74, 256.10, 1935, 9251
2026-07-10T05:14:54,GPU-65b9a886-d157-27fa-09d1-8894bc5cc135, 0, 4511, 10240, 41, 19.01, 210, 405
2026-07-10T05:14:55,GPU-fcd97b9d-0c2b-3db7-6002-81a1e2c785ea, 56, 3663, 10240, 74, 254.57, 1935, 9251
2026-07-10T05:14:55,GPU-65b9a886-d157-27fa-09d1-8894bc5cc135, 0, 4511, 10240, 41, 19.10, 210, 405
2026-07-10T05:14:56,GPU-fcd97b9d-0c2b-3db7-6002-81a1e2c785ea, 44, 3663, 10240, 73, 255.20, 1935, 9251
2026-07-10T05:14:56,GPU-65b9a886-d157-27fa-09d1-8894bc5cc135, 0, 4511, 10240, 41, 18.95, 210, 405
2026-07-10T05:14:58,GPU-fcd97b9d-0c2b-3db7-6002-81a1e2c785ea, 62, 3663, 10240, 74, 257.39, 1935, 9251
2026-07-10T05:14:58,GPU-65b9a886-d157-27fa-09d1-8894bc5cc135, 0, 4511, 10240, 41, 19.04, 210, 405
2026-07-10T05:14:59,GPU-fcd97b9d-0c2b-3db7-6002-81a1e2c785ea, 61, 3663, 10240, 75, 256.54, 1920, 9251
2026-07-10T05:14:59,GPU-65b9a886-d157-27fa-09d1-8894bc5cc135, 0, 4511, 10240, 41, 19.18, 210, 405
2026-07-10T05:15:00,GPU-fcd97b9d-0c2b-3db7-6002-81a1e2c785ea, 50, 3663, 10240, 74, 255.62, 1935, 9251
2026-07-10T05:15:00,GPU-65b9a886-d157-27fa-09d1-8894bc5cc135, 0, 4511, 10240, 41, 19.03, 210, 405
2026-07-10T05:15:01,GPU-fcd97b9d-0c2b-3db7-6002-81a1e2c785ea, 48, 3663, 10240, 74, 256.25, 1935, 9251
2026-07-10T05:15:01,GPU-65b9a886-d157-27fa-09d1-8894bc5cc135, 0, 4511, 10240, 41, 19.03, 210, 405
2026-07-10T05:15:02,GPU-fcd97b9d-0c2b-3db7-6002-81a1e2c785ea, 64, 3663, 10240, 74, 258.05, 1935, 9251
2026-07-10T05:15:02,GPU-65b9a886-d157-27fa-09d1-8894bc5cc135, 0, 4511, 10240, 41, 19.09, 210, 405
2026-07-10T05:15:03,GPU-fcd97b9d-0c2b-3db7-6002-81a1e2c785ea, 57, 3663, 10240, 74, 259.73, 1935, 9251
2026-07-10T05:15:03,GPU-65b9a886-d157-27fa-09d1-8894bc5cc135, 0, 4511, 10240, 41, 18.96, 210, 405
2026-07-10T05:15:04,GPU-fcd97b9d-0c2b-3db7-6002-81a1e2c785ea, 62, 3663, 10240, 75, 258.47, 1935, 9251
2026-07-10T05:15:04,GPU-65b9a886-d157-27fa-09d1-8894bc5cc135, 0, 4511, 10240, 41, 18.87, 210, 405
2026-07-10T05:15:05,GPU-fcd97b9d-0c2b-3db7-6002-81a1e2c785ea, 61, 3663, 10240, 75, 263.15, 1935, 9251
2026-07-10T05:15:05,GPU-65b9a886-d157-27fa-09d1-8894bc5cc135, 0, 4511, 10240, 41, 18.85, 210, 405
2026-07-10T05:15:06,GPU-fcd97b9d-0c2b-3db7-6002-81a1e2c785ea, 59, 3663, 10240, 75, 260.70, 1935, 9251
2026-07-10T05:15:06,GPU-65b9a886-d157-27fa-09d1-8894bc5cc135, 0, 4511, 10240, 41, 18.88, 210, 405
2026-07-10T05:15:07,GPU-fcd97b9d-0c2b-3db7-6002-81a1e2c785ea, 48, 3663, 10240, 74, 264.06, 1935, 9251
2026-07-10T05:15:07,GPU-65b9a886-d157-27fa-09d1-8894bc5cc135, 0, 4511, 10240, 41, 18.94, 210, 405
2026-07-10T05:15:08,GPU-fcd97b9d-0c2b-3db7-6002-81a1e2c785ea, 57, 3663, 10240, 73, 237.43, 1935, 9251
2026-07-10T05:15:08,GPU-65b9a886-d157-27fa-09d1-8894bc5cc135, 0, 4511, 10240, 41, 18.79, 210, 405
2026-07-10T05:15:09,GPU-fcd97b9d-0c2b-3db7-6002-81a1e2c785ea, 37, 3663, 10240, 73, 245.43, 1935, 9251
2026-07-10T05:15:09,GPU-65b9a886-d157-27fa-09d1-8894bc5cc135, 0, 4511, 10240, 41, 18.94, 210, 405
2026-07-10T05:15:10,GPU-fcd97b9d-0c2b-3db7-6002-81a1e2c785ea, 60, 3663, 10240, 74, 250.52, 1935, 9251
2026-07-10T05:15:10,GPU-65b9a886-d157-27fa-09d1-8894bc5cc135, 0, 4511, 10240, 41, 19.16, 210, 405
2026-07-10T05:15:11,GPU-fcd97b9d-0c2b-3db7-6002-81a1e2c785ea, 62, 3663, 10240, 74, 246.91, 1935, 9251
2026-07-10T05:15:11,GPU-65b9a886-d157-27fa-09d1-8894bc5cc135, 0, 4511, 10240, 41, 19.01, 210, 405
2026-07-10T05:15:12,GPU-fcd97b9d-0c2b-3db7-6002-81a1e2c785ea, 61, 3663, 10240, 73, 247.03, 1935, 9251
2026-07-10T05:15:12,GPU-65b9a886-d157-27fa-09d1-8894bc5cc135, 0, 4511, 10240, 41, 19.01, 210, 405
2026-07-10T05:15:13,GPU-fcd97b9d-0c2b-3db7-6002-81a1e2c785ea, 54, 3663, 10240, 75, 251.63, 1920, 9251
2026-07-10T05:15:13,GPU-65b9a886-d157-27fa-09d1-8894bc5cc135, 0, 4511, 10240, 41, 19.12, 210, 405
2026-07-10T05:15:14,GPU-fcd97b9d-0c2b-3db7-6002-81a1e2c785ea, 60, 3663, 10240, 74, 252.29, 1950, 9251
2026-07-10T05:15:14,GPU-65b9a886-d157-27fa-09d1-8894bc5cc135, 0, 4511, 10240, 41, 19.01, 210, 405
2026-07-10T05:15:15,GPU-fcd97b9d-0c2b-3db7-6002-81a1e2c785ea, 63, 3663, 10240, 74, 253.10, 1935, 9251
2026-07-10T05:15:15,GPU-65b9a886-d157-27fa-09d1-8894bc5cc135, 0, 4511, 10240, 41, 18.86, 210, 405
2026-07-10T05:15:16,GPU-fcd97b9d-0c2b-3db7-6002-81a1e2c785ea, 58, 3663, 10240, 75, 256.59, 1935, 9251
2026-07-10T05:15:16,GPU-65b9a886-d157-27fa-09d1-8894bc5cc135, 0, 4511, 10240, 41, 18.96, 210, 405
2026-07-10T05:15:17,GPU-fcd97b9d-0c2b-3db7-6002-81a1e2c785ea, 47, 3663, 10240, 74, 254.68, 1935, 9251
2026-07-10T05:15:17,GPU-65b9a886-d157-27fa-09d1-8894bc5cc135, 0, 4511, 10240, 41, 19.13, 210, 405
2026-07-10T05:15:19,GPU-fcd97b9d-0c2b-3db7-6002-81a1e2c785ea, 55, 3663, 10240, 74, 253.72, 1935, 9251
2026-07-10T05:15:19,GPU-65b9a886-d157-27fa-09d1-8894bc5cc135, 0, 4511, 10240, 41, 19.31, 210, 405
2026-07-10T05:15:20,GPU-fcd97b9d-0c2b-3db7-6002-81a1e2c785ea, 60, 3663, 10240, 75, 254.66, 1935, 9251
2026-07-10T05:15:20,GPU-65b9a886-d157-27fa-09d1-8894bc5cc135, 0, 4511, 10240, 41, 19.40, 210, 405
2026-07-10T05:15:21,GPU-fcd97b9d-0c2b-3db7-6002-81a1e2c785ea, 47, 3663, 10240, 74, 255.88, 1935, 9251
2026-07-10T05:15:21,GPU-65b9a886-d157-27fa-09d1-8894bc5cc135, 0, 4511, 10240, 41, 19.25, 210, 405
2026-07-10T05:15:22,GPU-fcd97b9d-0c2b-3db7-6002-81a1e2c785ea, 68, 3663, 10240, 74, 259.12, 1935, 9251
2026-07-10T05:15:22,GPU-65b9a886-d157-27fa-09d1-8894bc5cc135, 0, 4511, 10240, 41, 19.17, 210, 405
2026-07-10T05:15:23,GPU-fcd97b9d-0c2b-3db7-6002-81a1e2c785ea, 55, 3663, 10240, 75, 254.98, 1935, 9251
2026-07-10T05:15:23,GPU-65b9a886-d157-27fa-09d1-8894bc5cc135, 0, 4511, 10240, 41, 19.02, 210, 405
2026-07-10T05:15:24,GPU-fcd97b9d-0c2b-3db7-6002-81a1e2c785ea, 57, 3663, 10240, 75, 257.07, 1920, 9251
2026-07-10T05:15:24,GPU-65b9a886-d157-27fa-09d1-8894bc5cc135, 0, 4511, 10240, 41, 18.91, 210, 405
2026-07-10T05:15:25,GPU-fcd97b9d-0c2b-3db7-6002-81a1e2c785ea, 51, 3663, 10240, 75, 259.55, 1935, 9251
2026-07-10T05:15:25,GPU-65b9a886-d157-27fa-09d1-8894bc5cc135, 0, 4511, 10240, 41, 19.01, 210, 405
2026-07-10T05:15:26,GPU-fcd97b9d-0c2b-3db7-6002-81a1e2c785ea, 51, 3663, 10240, 74, 258.67, 1935, 9251
2026-07-10T05:15:26,GPU-65b9a886-d157-27fa-09d1-8894bc5cc135, 0, 4511, 10240, 41, 19.06, 210, 405
2026-07-10T05:15:27,GPU-fcd97b9d-0c2b-3db7-6002-81a1e2c785ea, 62, 3663, 10240, 75, 263.19, 1935, 9251
2026-07-10T05:15:27,GPU-65b9a886-d157-27fa-09d1-8894bc5cc135, 0, 4511, 10240, 41, 19.21, 210, 405
2026-07-10T05:15:28,GPU-fcd97b9d-0c2b-3db7-6002-81a1e2c785ea, 61, 3663, 10240, 74, 264.35, 1935, 9251
2026-07-10T05:15:28,GPU-65b9a886-d157-27fa-09d1-8894bc5cc135, 0, 4511, 10240, 41, 19.06, 210, 405
2026-07-10T05:15:29,GPU-fcd97b9d-0c2b-3db7-6002-81a1e2c785ea, 55, 3663, 10240, 74, 260.86, 1935, 9251
2026-07-10T05:15:29,GPU-65b9a886-d157-27fa-09d1-8894bc5cc135, 0, 4511, 10240, 41, 18.98, 210, 405
2026-07-10T05:15:30,GPU-fcd97b9d-0c2b-3db7-6002-81a1e2c785ea, 0, 3469, 10240, 68, 194.49, 1950, 9251
2026-07-10T05:15:30,GPU-65b9a886-d157-27fa-09d1-8894bc5cc135, 0, 4511, 10240, 41, 18.81, 210, 405
2026-07-10T05:15:31,GPU-fcd97b9d-0c2b-3db7-6002-81a1e2c785ea, 0, 3469, 10240, 67, 145.11, 1950, 9251
2026-07-10T05:15:31,GPU-65b9a886-d157-27fa-09d1-8894bc5cc135, 0, 4511, 10240, 41, 18.12, 210, 405
2026-07-10T05:15:32,GPU-fcd97b9d-0c2b-3db7-6002-81a1e2c785ea, 0, 3469, 10240, 65, 120.20, 1740, 9251
2026-07-10T05:15:32,GPU-65b9a886-d157-27fa-09d1-8894bc5cc135, 0, 4511, 10240, 41, 17.85, 210, 405
2026-07-10T05:15:33,GPU-fcd97b9d-0c2b-3db7-6002-81a1e2c785ea, 0, 3469, 10240, 64, 108.09, 1740, 9251
2026-07-10T05:15:33,GPU-65b9a886-d157-27fa-09d1-8894bc5cc135, 0, 4511, 10240, 41, 17.92, 210, 405
2026-07-10T05:15:34,GPU-fcd97b9d-0c2b-3db7-6002-81a1e2c785ea, 0, 3469, 10240, 64, 96.74, 1740, 9251
2026-07-10T05:15:34,GPU-65b9a886-d157-27fa-09d1-8894bc5cc135, 0, 4511, 10240, 41, 17.75, 210, 405
2026-07-10T05:15:35,GPU-fcd97b9d-0c2b-3db7-6002-81a1e2c785ea, 0, 3469, 10240, 63, 96.41, 1740, 9251
2026-07-10T05:15:35,GPU-65b9a886-d157-27fa-09d1-8894bc5cc135, 0, 4511, 10240, 41, 17.79, 210, 405
2026-07-10T05:15:36,GPU-fcd97b9d-0c2b-3db7-6002-81a1e2c785ea, 0, 3469, 10240, 63, 96.22, 1740, 9251
2026-07-10T05:15:36,GPU-65b9a886-d157-27fa-09d1-8894bc5cc135, 0, 4511, 10240, 41, 17.90, 210, 405
2026-07-10T05:15:37,GPU-fcd97b9d-0c2b-3db7-6002-81a1e2c785ea, 0, 3469, 10240, 63, 95.97, 1740, 9251
2026-07-10T05:15:37,GPU-65b9a886-d157-27fa-09d1-8894bc5cc135, 0, 4511, 10240, 41, 17.78, 210, 405
2026-07-10T05:15:38,GPU-fcd97b9d-0c2b-3db7-6002-81a1e2c785ea, 0, 3469, 10240, 62, 95.10, 1740, 9251
2026-07-10T05:15:38,GPU-65b9a886-d157-27fa-09d1-8894bc5cc135, 0, 4511, 10240, 41, 17.75, 210, 405
2026-07-10T05:15:39,GPU-fcd97b9d-0c2b-3db7-6002-81a1e2c785ea, 0, 3469, 10240, 62, 95.03, 1740, 9251
2026-07-10T05:15:39,GPU-65b9a886-d157-27fa-09d1-8894bc5cc135, 0, 4511, 10240, 41, 17.90, 210, 405
2026-07-10T05:15:41,GPU-fcd97b9d-0c2b-3db7-6002-81a1e2c785ea, 0, 3469, 10240, 62, 94.89, 1740, 9251
2026-07-10T05:15:41,GPU-65b9a886-d157-27fa-09d1-8894bc5cc135, 0, 4511, 10240, 41, 17.81, 210, 405
2026-07-10T05:15:42,GPU-fcd97b9d-0c2b-3db7-6002-81a1e2c785ea, 0, 3469, 10240, 62, 94.69, 1740, 9251
2026-07-10T05:15:42,GPU-65b9a886-d157-27fa-09d1-8894bc5cc135, 0, 4511, 10240, 41, 17.82, 210, 405
2026-07-10T05:15:43,GPU-fcd97b9d-0c2b-3db7-6002-81a1e2c785ea, 0, 3469, 10240, 61, 94.51, 1740, 9251
2026-07-10T05:15:43,GPU-65b9a886-d157-27fa-09d1-8894bc5cc135, 0, 4511, 10240, 41, 17.97, 210, 405
2026-07-10T05:15:44,GPU-fcd97b9d-0c2b-3db7-6002-81a1e2c785ea, 0, 3469, 10240, 61, 94.28, 1740, 9251
2026-07-10T05:15:44,GPU-65b9a886-d157-27fa-09d1-8894bc5cc135, 0, 4511, 10240, 41, 17.84, 210, 405
2026-07-10T05:15:45,GPU-fcd97b9d-0c2b-3db7-6002-81a1e2c785ea, 0, 3469, 10240, 61, 94.10, 1740, 9251
2026-07-10T05:15:45,GPU-65b9a886-d157-27fa-09d1-8894bc5cc135, 0, 4511, 10240, 41, 17.88, 210, 405
2026-07-10T05:15:46,GPU-fcd97b9d-0c2b-3db7-6002-81a1e2c785ea, 0, 3469, 10240, 61, 93.83, 1740, 9251
2026-07-10T05:15:46,GPU-65b9a886-d157-27fa-09d1-8894bc5cc135, 0, 4511, 10240, 41, 17.93, 210, 405
2026-07-10T05:15:47,GPU-fcd97b9d-0c2b-3db7-6002-81a1e2c785ea, 0, 3469, 10240, 58, 85.44, 330, 810
2026-07-10T05:15:47,GPU-65b9a886-d157-27fa-09d1-8894bc5cc135, 0, 4511, 10240, 41, 17.69, 210, 405
2026-07-10T05:15:48,GPU-fcd97b9d-0c2b-3db7-6002-81a1e2c785ea, 0, 3469, 10240, 56, 49.34, 210, 405
2026-07-10T05:15:48,GPU-65b9a886-d157-27fa-09d1-8894bc5cc135, 0, 4511, 10240, 41, 17.88, 210, 405
2026-07-10T05:15:49,GPU-fcd97b9d-0c2b-3db7-6002-81a1e2c785ea, 0, 3469, 10240, 56, 19.06, 210, 405
2026-07-10T05:15:49,GPU-65b9a886-d157-27fa-09d1-8894bc5cc135, 0, 4511, 10240, 41, 17.75, 210, 405
2026-07-10T05:15:50,GPU-fcd97b9d-0c2b-3db7-6002-81a1e2c785ea, 0, 3469, 10240, 55, 16.70, 210, 405
2026-07-10T05:15:50,GPU-65b9a886-d157-27fa-09d1-8894bc5cc135, 0, 4511, 10240, 41, 17.73, 210, 405
