timestamp,gpu_index,gpu_uuid,utilization_pct,memory_used_mib,memory_total_mib,temperature_c,power_w,sm_clock_mhz,mem_clock_mhz,pstate
2026-07-10T02:19:15,0, GPU-fcd97b9d-0c2b-3db7-6002-81a1e2c785ea, 0, 0, 10240, 37, 5.49, 210, 405, P8
2026-07-10T02:19:15,1, GPU-65b9a886-d157-27fa-09d1-8894bc5cc135, 0, 4499, 10240, 41, 17.95, 210, 405, P8
2026-07-10T02:19:16,0, GPU-fcd97b9d-0c2b-3db7-6002-81a1e2c785ea, 0, 0, 10240, 37, 5.50, 210, 405, P8
2026-07-10T02:19:16,1, GPU-65b9a886-d157-27fa-09d1-8894bc5cc135, 55, 4693, 10240, 56, 121.69, 1980, 9251, P2
2026-07-10T02:19:17,0, GPU-fcd97b9d-0c2b-3db7-6002-81a1e2c785ea, 0, 0, 10240, 37, 6.28, 210, 405, P8
2026-07-10T02:19:17,1, GPU-65b9a886-d157-27fa-09d1-8894bc5cc135, 56, 4693, 10240, 61, 250.19, 1965, 9251, P2
2026-07-10T02:19:18,0, GPU-fcd97b9d-0c2b-3db7-6002-81a1e2c785ea, 0, 0, 10240, 37, 7.12, 210, 405, P8
2026-07-10T02:19:18,1, GPU-65b9a886-d157-27fa-09d1-8894bc5cc135, 53, 4693, 10240, 62, 244.18, 1965, 9251, P2
2026-07-10T02:19:19,0, GPU-fcd97b9d-0c2b-3db7-6002-81a1e2c785ea, 0, 0, 10240, 37, 6.93, 210, 405, P8
2026-07-10T02:19:19,1, GPU-65b9a886-d157-27fa-09d1-8894bc5cc135, 44, 4693, 10240, 62, 250.28, 1965, 9251, P2
2026-07-10T02:19:20,0, GPU-fcd97b9d-0c2b-3db7-6002-81a1e2c785ea, 0, 0, 10240, 37, 6.86, 210, 405, P8
2026-07-10T02:19:20,1, GPU-65b9a886-d157-27fa-09d1-8894bc5cc135, 56, 4693, 10240, 63, 254.30, 1965, 9251, P2
2026-07-10T02:19:21,0, GPU-fcd97b9d-0c2b-3db7-6002-81a1e2c785ea, 0, 0, 10240, 37, 6.95, 210, 405, P8
2026-07-10T02:19:21,1, GPU-65b9a886-d157-27fa-09d1-8894bc5cc135, 55, 4693, 10240, 64, 254.87, 1965, 9251, P2
2026-07-10T02:19:22,0, GPU-fcd97b9d-0c2b-3db7-6002-81a1e2c785ea, 0, 0, 10240, 37, 6.73, 210, 405, P8
2026-07-10T02:19:22,1, GPU-65b9a886-d157-27fa-09d1-8894bc5cc135, 58, 4693, 10240, 65, 254.24, 1965, 9251, P2
2026-07-10T02:19:23,0, GPU-fcd97b9d-0c2b-3db7-6002-81a1e2c785ea, 0, 0, 10240, 37, 6.70, 210, 405, P8
2026-07-10T02:19:23,1, GPU-65b9a886-d157-27fa-09d1-8894bc5cc135, 59, 4693, 10240, 65, 257.16, 1965, 9251, P2
2026-07-10T02:19:24,0, GPU-fcd97b9d-0c2b-3db7-6002-81a1e2c785ea, 0, 0, 10240, 37, 6.90, 210, 405, P8
2026-07-10T02:19:24,1, GPU-65b9a886-d157-27fa-09d1-8894bc5cc135, 68, 4693, 10240, 65, 260.00, 1965, 9251, P2
2026-07-10T02:19:25,0, GPU-fcd97b9d-0c2b-3db7-6002-81a1e2c785ea, 0, 0, 10240, 37, 6.77, 210, 405, P8
2026-07-10T02:19:25,1, GPU-65b9a886-d157-27fa-09d1-8894bc5cc135, 63, 4693, 10240, 65, 256.62, 1965, 9251, P2
2026-07-10T02:19:26,0, GPU-fcd97b9d-0c2b-3db7-6002-81a1e2c785ea, 0, 0, 10240, 37, 6.82, 210, 405, P8
2026-07-10T02:19:26,1, GPU-65b9a886-d157-27fa-09d1-8894bc5cc135, 59, 4693, 10240, 66, 262.13, 1950, 9251, P2
2026-07-10T02:19:27,0, GPU-fcd97b9d-0c2b-3db7-6002-81a1e2c785ea, 0, 0, 10240, 37, 6.67, 210, 405, P8
2026-07-10T02:19:27,1, GPU-65b9a886-d157-27fa-09d1-8894bc5cc135, 55, 4693, 10240, 66, 247.37, 1950, 9251, P2
2026-07-10T02:19:28,0, GPU-fcd97b9d-0c2b-3db7-6002-81a1e2c785ea, 0, 0, 10240, 37, 6.76, 210, 405, P8
2026-07-10T02:19:28,1, GPU-65b9a886-d157-27fa-09d1-8894bc5cc135, 68, 4693, 10240, 66, 252.93, 1950, 9251, P2
2026-07-10T02:19:30,0, GPU-fcd97b9d-0c2b-3db7-6002-81a1e2c785ea, 0, 0, 10240, 37, 7.01, 210, 405, P8
2026-07-10T02:19:30,1, GPU-65b9a886-d157-27fa-09d1-8894bc5cc135, 62, 4693, 10240, 67, 259.57, 1965, 9251, P2
2026-07-10T02:19:31,0, GPU-fcd97b9d-0c2b-3db7-6002-81a1e2c785ea, 0, 0, 10240, 37, 6.88, 210, 405, P8
2026-07-10T02:19:31,1, GPU-65b9a886-d157-27fa-09d1-8894bc5cc135, 65, 4693, 10240, 67, 260.61, 1965, 9251, P2
2026-07-10T02:19:32,0, GPU-fcd97b9d-0c2b-3db7-6002-81a1e2c785ea, 0, 0, 10240, 37, 6.95, 210, 405, P8
2026-07-10T02:19:32,1, GPU-65b9a886-d157-27fa-09d1-8894bc5cc135, 58, 4693, 10240, 67, 266.16, 1950, 9251, P2
2026-07-10T02:19:33,0, GPU-fcd97b9d-0c2b-3db7-6002-81a1e2c785ea, 0, 0, 10240, 37, 7.06, 210, 405, P8
2026-07-10T02:19:33,1, GPU-65b9a886-d157-27fa-09d1-8894bc5cc135, 54, 4693, 10240, 67, 258.10, 1950, 9251, P2
2026-07-10T02:19:34,0, GPU-fcd97b9d-0c2b-3db7-6002-81a1e2c785ea, 0, 0, 10240, 37, 6.75, 210, 405, P8
2026-07-10T02:19:34,1, GPU-65b9a886-d157-27fa-09d1-8894bc5cc135, 70, 4693, 10240, 67, 256.68, 1950, 9251, P2
2026-07-10T02:19:35,0, GPU-fcd97b9d-0c2b-3db7-6002-81a1e2c785ea, 0, 0, 10240, 37, 6.71, 210, 405, P8
2026-07-10T02:19:35,1, GPU-65b9a886-d157-27fa-09d1-8894bc5cc135, 65, 4693, 10240, 68, 254.88, 1950, 9251, P2
2026-07-10T02:19:36,0, GPU-fcd97b9d-0c2b-3db7-6002-81a1e2c785ea, 0, 0, 10240, 37, 6.89, 210, 405, P8
2026-07-10T02:19:36,1, GPU-65b9a886-d157-27fa-09d1-8894bc5cc135, 58, 4693, 10240, 68, 256.39, 1950, 9251, P2
2026-07-10T02:19:37,0, GPU-fcd97b9d-0c2b-3db7-6002-81a1e2c785ea, 0, 0, 10240, 37, 6.75, 210, 405, P8
2026-07-10T02:19:37,1, GPU-65b9a886-d157-27fa-09d1-8894bc5cc135, 69, 4693, 10240, 68, 259.70, 1950, 9251, P2
2026-07-10T02:19:38,0, GPU-fcd97b9d-0c2b-3db7-6002-81a1e2c785ea, 0, 0, 10240, 37, 6.75, 210, 405, P8
2026-07-10T02:19:38,1, GPU-65b9a886-d157-27fa-09d1-8894bc5cc135, 70, 4693, 10240, 68, 260.52, 1950, 9251, P2
2026-07-10T02:19:39,0, GPU-fcd97b9d-0c2b-3db7-6002-81a1e2c785ea, 0, 0, 10240, 37, 6.85, 210, 405, P8
2026-07-10T02:19:39,1, GPU-65b9a886-d157-27fa-09d1-8894bc5cc135, 58, 4693, 10240, 67, 254.83, 1950, 9251, P2
2026-07-10T02:19:40,0, GPU-fcd97b9d-0c2b-3db7-6002-81a1e2c785ea, 0, 0, 10240, 37, 6.61, 210, 405, P8
2026-07-10T02:19:40,1, GPU-65b9a886-d157-27fa-09d1-8894bc5cc135, 58, 4693, 10240, 69, 257.29, 1950, 9251, P2
2026-07-10T02:19:41,0, GPU-fcd97b9d-0c2b-3db7-6002-81a1e2c785ea, 0, 0, 10240, 37, 6.62, 210, 405, P8
2026-07-10T02:19:41,1, GPU-65b9a886-d157-27fa-09d1-8894bc5cc135, 57, 4693, 10240, 69, 259.33, 1950, 9251, P2
2026-07-10T02:19:42,0, GPU-fcd97b9d-0c2b-3db7-6002-81a1e2c785ea, 0, 0, 10240, 37, 6.81, 210, 405, P8
2026-07-10T02:19:42,1, GPU-65b9a886-d157-27fa-09d1-8894bc5cc135, 71, 4693, 10240, 69, 261.18, 1950, 9251, P2
2026-07-10T02:19:43,0, GPU-fcd97b9d-0c2b-3db7-6002-81a1e2c785ea, 0, 0, 10240, 37, 6.73, 210, 405, P8
2026-07-10T02:19:43,1, GPU-65b9a886-d157-27fa-09d1-8894bc5cc135, 63, 4693, 10240, 69, 262.31, 1950, 9251, P2
2026-07-10T02:19:44,0, GPU-fcd97b9d-0c2b-3db7-6002-81a1e2c785ea, 0, 0, 10240, 37, 6.72, 210, 405, P8
2026-07-10T02:19:44,1, GPU-65b9a886-d157-27fa-09d1-8894bc5cc135, 64, 4693, 10240, 70, 261.26, 1950, 9251, P2
2026-07-10T02:19:45,0, GPU-fcd97b9d-0c2b-3db7-6002-81a1e2c785ea, 0, 0, 10240, 37, 6.65, 210, 405, P8
2026-07-10T02:19:45,1, GPU-65b9a886-d157-27fa-09d1-8894bc5cc135, 59, 4693, 10240, 70, 260.78, 1935, 9251, P2
2026-07-10T02:19:46,0, GPU-fcd97b9d-0c2b-3db7-6002-81a1e2c785ea, 0, 0, 10240, 37, 6.48, 210, 405, P8
2026-07-10T02:19:46,1, GPU-65b9a886-d157-27fa-09d1-8894bc5cc135, 36, 4693, 10240, 65, 210.97, 1965, 9251, P2
2026-07-10T02:19:47,0, GPU-fcd97b9d-0c2b-3db7-6002-81a1e2c785ea, 0, 0, 10240, 37, 6.37, 210, 405, P8
2026-07-10T02:19:47,1, GPU-65b9a886-d157-27fa-09d1-8894bc5cc135, 56, 4693, 10240, 69, 254.81, 1950, 9251, P2
2026-07-10T02:19:49,0, GPU-fcd97b9d-0c2b-3db7-6002-81a1e2c785ea, 0, 0, 10240, 37, 6.67, 210, 405, P8
2026-07-10T02:19:49,1, GPU-65b9a886-d157-27fa-09d1-8894bc5cc135, 58, 4693, 10240, 69, 254.99, 1965, 9251, P2
2026-07-10T02:19:50,0, GPU-fcd97b9d-0c2b-3db7-6002-81a1e2c785ea, 0, 0, 10240, 37, 6.77, 210, 405, P8
2026-07-10T02:19:50,1, GPU-65b9a886-d157-27fa-09d1-8894bc5cc135, 56, 4693, 10240, 70, 256.43, 1950, 9251, P2
2026-07-10T02:19:51,0, GPU-fcd97b9d-0c2b-3db7-6002-81a1e2c785ea, 0, 0, 10240, 37, 6.61, 210, 405, P8
2026-07-10T02:19:51,1, GPU-65b9a886-d157-27fa-09d1-8894bc5cc135, 57, 4693, 10240, 69, 250.49, 1950, 9251, P2
2026-07-10T02:19:52,0, GPU-fcd97b9d-0c2b-3db7-6002-81a1e2c785ea, 0, 0, 10240, 37, 6.64, 210, 405, P8
2026-07-10T02:19:52,1, GPU-65b9a886-d157-27fa-09d1-8894bc5cc135, 63, 4693, 10240, 69, 255.87, 1950, 9251, P2
2026-07-10T02:19:53,0, GPU-fcd97b9d-0c2b-3db7-6002-81a1e2c785ea, 0, 0, 10240, 37, 6.79, 210, 405, P8
2026-07-10T02:19:53,1, GPU-65b9a886-d157-27fa-09d1-8894bc5cc135, 51, 4693, 10240, 70, 251.18, 1950, 9251, P2
2026-07-10T02:19:54,0, GPU-fcd97b9d-0c2b-3db7-6002-81a1e2c785ea, 0, 0, 10240, 37, 6.58, 210, 405, P8
2026-07-10T02:19:54,1, GPU-65b9a886-d157-27fa-09d1-8894bc5cc135, 66, 4693, 10240, 70, 254.93, 1950, 9251, P2
2026-07-10T02:19:55,0, GPU-fcd97b9d-0c2b-3db7-6002-81a1e2c785ea, 0, 0, 10240, 37, 6.59, 210, 405, P8
2026-07-10T02:19:55,1, GPU-65b9a886-d157-27fa-09d1-8894bc5cc135, 58, 4693, 10240, 70, 255.17, 1965, 9251, P2
2026-07-10T02:19:56,0, GPU-fcd97b9d-0c2b-3db7-6002-81a1e2c785ea, 0, 0, 10240, 37, 6.76, 210, 405, P8
2026-07-10T02:19:56,1, GPU-65b9a886-d157-27fa-09d1-8894bc5cc135, 53, 4693, 10240, 71, 255.84, 1950, 9251, P2
2026-07-10T02:19:57,0, GPU-fcd97b9d-0c2b-3db7-6002-81a1e2c785ea, 0, 0, 10240, 37, 6.62, 210, 405, P8
2026-07-10T02:19:57,1, GPU-65b9a886-d157-27fa-09d1-8894bc5cc135, 62, 4693, 10240, 71, 261.92, 1935, 9251, P2
2026-07-10T02:19:58,0, GPU-fcd97b9d-0c2b-3db7-6002-81a1e2c785ea, 0, 0, 10240, 37, 6.70, 210, 405, P8
2026-07-10T02:19:58,1, GPU-65b9a886-d157-27fa-09d1-8894bc5cc135, 69, 4693, 10240, 71, 262.65, 1920, 9251, P2
2026-07-10T02:19:59,0, GPU-fcd97b9d-0c2b-3db7-6002-81a1e2c785ea, 0, 0, 10240, 37, 6.91, 210, 405, P8
2026-07-10T02:19:59,1, GPU-65b9a886-d157-27fa-09d1-8894bc5cc135, 64, 4693, 10240, 72, 264.58, 1950, 9251, P2
2026-07-10T02:20:00,0, GPU-fcd97b9d-0c2b-3db7-6002-81a1e2c785ea, 0, 0, 10240, 37, 6.75, 210, 405, P8
2026-07-10T02:20:00,1, GPU-65b9a886-d157-27fa-09d1-8894bc5cc135, 67, 4693, 10240, 71, 268.23, 1935, 9251, P2
2026-07-10T02:20:01,0, GPU-fcd97b9d-0c2b-3db7-6002-81a1e2c785ea, 0, 0, 10240, 37, 6.73, 210, 405, P8
2026-07-10T02:20:01,1, GPU-65b9a886-d157-27fa-09d1-8894bc5cc135, 67, 4693, 10240, 71, 269.12, 1920, 9251, P2
2026-07-10T02:20:02,0, GPU-fcd97b9d-0c2b-3db7-6002-81a1e2c785ea, 0, 0, 10240, 37, 6.91, 210, 405, P8
2026-07-10T02:20:02,1, GPU-65b9a886-d157-27fa-09d1-8894bc5cc135, 61, 4693, 10240, 72, 264.81, 1950, 9251, P2
2026-07-10T02:20:03,0, GPU-fcd97b9d-0c2b-3db7-6002-81a1e2c785ea, 0, 0, 10240, 37, 6.74, 210, 405, P8
2026-07-10T02:20:03,1, GPU-65b9a886-d157-27fa-09d1-8894bc5cc135, 59, 4693, 10240, 72, 267.87, 1950, 9251, P2
2026-07-10T02:20:04,0, GPU-fcd97b9d-0c2b-3db7-6002-81a1e2c785ea, 0, 0, 10240, 37, 6.70, 210, 405, P8
2026-07-10T02:20:04,1, GPU-65b9a886-d157-27fa-09d1-8894bc5cc135, 57, 4693, 10240, 72, 265.92, 1950, 9251, P2
2026-07-10T02:20:05,0, GPU-fcd97b9d-0c2b-3db7-6002-81a1e2c785ea, 0, 0, 10240, 37, 6.91, 210, 405, P8
2026-07-10T02:20:05,1, GPU-65b9a886-d157-27fa-09d1-8894bc5cc135, 66, 4693, 10240, 72, 269.41, 1950, 9251, P2
2026-07-10T02:20:06,0, GPU-fcd97b9d-0c2b-3db7-6002-81a1e2c785ea, 0, 0, 10240, 37, 6.66, 210, 405, P8
2026-07-10T02:20:06,1, GPU-65b9a886-d157-27fa-09d1-8894bc5cc135, 55, 4693, 10240, 72, 264.92, 1950, 9251, P2
2026-07-10T02:20:07,0, GPU-fcd97b9d-0c2b-3db7-6002-81a1e2c785ea, 0, 0, 10240, 37, 6.84, 210, 405, P8
2026-07-10T02:20:07,1, GPU-65b9a886-d157-27fa-09d1-8894bc5cc135, 68, 4693, 10240, 72, 267.07, 1950, 9251, P2
2026-07-10T02:20:09,0, GPU-fcd97b9d-0c2b-3db7-6002-81a1e2c785ea, 0, 0, 10240, 37, 6.73, 210, 405, P8
2026-07-10T02:20:09,1, GPU-65b9a886-d157-27fa-09d1-8894bc5cc135, 66, 4693, 10240, 73, 268.97, 1950, 9251, P2
2026-07-10T02:20:10,0, GPU-fcd97b9d-0c2b-3db7-6002-81a1e2c785ea, 0, 0, 10240, 37, 6.69, 210, 405, P8
2026-07-10T02:20:10,1, GPU-65b9a886-d157-27fa-09d1-8894bc5cc135, 65, 4693, 10240, 73, 267.70, 1920, 9251, P2
2026-07-10T02:20:11,0, GPU-fcd97b9d-0c2b-3db7-6002-81a1e2c785ea, 0, 0, 10240, 37, 6.90, 210, 405, P8
2026-07-10T02:20:11,1, GPU-65b9a886-d157-27fa-09d1-8894bc5cc135, 71, 4693, 10240, 73, 270.04, 1935, 9251, P2
2026-07-10T02:20:12,0, GPU-fcd97b9d-0c2b-3db7-6002-81a1e2c785ea, 0, 0, 10240, 37, 6.69, 210, 405, P8
2026-07-10T02:20:12,1, GPU-65b9a886-d157-27fa-09d1-8894bc5cc135, 55, 4693, 10240, 73, 267.95, 1950, 9251, P2
2026-07-10T02:20:13,0, GPU-fcd97b9d-0c2b-3db7-6002-81a1e2c785ea, 0, 0, 10240, 37, 6.62, 210, 405, P8
2026-07-10T02:20:13,1, GPU-65b9a886-d157-27fa-09d1-8894bc5cc135, 55, 4693, 10240, 73, 269.19, 1950, 9251, P2
2026-07-10T02:20:14,0, GPU-fcd97b9d-0c2b-3db7-6002-81a1e2c785ea, 0, 0, 10240, 37, 6.81, 210, 405, P8
2026-07-10T02:20:14,1, GPU-65b9a886-d157-27fa-09d1-8894bc5cc135, 61, 4693, 10240, 73, 270.11, 1950, 9251, P2
2026-07-10T02:20:15,0, GPU-fcd97b9d-0c2b-3db7-6002-81a1e2c785ea, 0, 0, 10240, 37, 6.66, 210, 405, P8
2026-07-10T02:20:15,1, GPU-65b9a886-d157-27fa-09d1-8894bc5cc135, 27, 4693, 10240, 68, 233.11, 1950, 9251, P2
2026-07-10T02:20:16,0, GPU-fcd97b9d-0c2b-3db7-6002-81a1e2c785ea, 0, 0, 10240, 37, 6.39, 210, 405, P8
2026-07-10T02:20:16,1, GPU-65b9a886-d157-27fa-09d1-8894bc5cc135, 60, 4693, 10240, 72, 230.87, 1950, 9251, P2
2026-07-10T02:20:17,0, GPU-fcd97b9d-0c2b-3db7-6002-81a1e2c785ea, 0, 0, 10240, 37, 6.53, 210, 405, P8
2026-07-10T02:20:17,1, GPU-65b9a886-d157-27fa-09d1-8894bc5cc135, 58, 4693, 10240, 72, 263.85, 1950, 9251, P2
2026-07-10T02:20:18,0, GPU-fcd97b9d-0c2b-3db7-6002-81a1e2c785ea, 0, 0, 10240, 37, 6.62, 210, 405, P8
2026-07-10T02:20:18,1, GPU-65b9a886-d157-27fa-09d1-8894bc5cc135, 63, 4693, 10240, 73, 262.92, 1950, 9251, P2
2026-07-10T02:20:19,0, GPU-fcd97b9d-0c2b-3db7-6002-81a1e2c785ea, 0, 0, 10240, 37, 6.70, 210, 405, P8
2026-07-10T02:20:19,1, GPU-65b9a886-d157-27fa-09d1-8894bc5cc135, 59, 4693, 10240, 73, 263.38, 1935, 9251, P2
2026-07-10T02:20:20,0, GPU-fcd97b9d-0c2b-3db7-6002-81a1e2c785ea, 0, 0, 10240, 37, 6.90, 210, 405, P8
2026-07-10T02:20:20,1, GPU-65b9a886-d157-27fa-09d1-8894bc5cc135, 51, 4693, 10240, 72, 261.05, 1950, 9251, P2
2026-07-10T02:20:21,0, GPU-fcd97b9d-0c2b-3db7-6002-81a1e2c785ea, 0, 0, 10240, 37, 6.80, 210, 405, P8
2026-07-10T02:20:21,1, GPU-65b9a886-d157-27fa-09d1-8894bc5cc135, 68, 4693, 10240, 72, 263.61, 1950, 9251, P2
2026-07-10T02:20:22,0, GPU-fcd97b9d-0c2b-3db7-6002-81a1e2c785ea, 0, 0, 10240, 37, 6.73, 210, 405, P8
2026-07-10T02:20:22,1, GPU-65b9a886-d157-27fa-09d1-8894bc5cc135, 45, 4693, 10240, 72, 260.46, 1950, 9251, P2
2026-07-10T02:20:23,0, GPU-fcd97b9d-0c2b-3db7-6002-81a1e2c785ea, 0, 0, 10240, 37, 6.74, 210, 405, P8
2026-07-10T02:20:23,1, GPU-65b9a886-d157-27fa-09d1-8894bc5cc135, 69, 4693, 10240, 73, 265.62, 1935, 9251, P2
2026-07-10T02:20:24,0, GPU-fcd97b9d-0c2b-3db7-6002-81a1e2c785ea, 0, 0, 10240, 37, 6.69, 210, 405, P8
2026-07-10T02:20:24,1, GPU-65b9a886-d157-27fa-09d1-8894bc5cc135, 55, 4693, 10240, 73, 261.74, 1935, 9251, P2
2026-07-10T02:20:25,0, GPU-fcd97b9d-0c2b-3db7-6002-81a1e2c785ea, 0, 0, 10240, 37, 6.75, 210, 405, P8
2026-07-10T02:20:25,1, GPU-65b9a886-d157-27fa-09d1-8894bc5cc135, 66, 4693, 10240, 74, 263.93, 1950, 9251, P2
2026-07-10T02:20:26,0, GPU-fcd97b9d-0c2b-3db7-6002-81a1e2c785ea, 0, 0, 10240, 37, 6.69, 210, 405, P8
2026-07-10T02:20:26,1, GPU-65b9a886-d157-27fa-09d1-8894bc5cc135, 54, 4693, 10240, 73, 268.67, 1950, 9251, P2
2026-07-10T02:20:27,0, GPU-fcd97b9d-0c2b-3db7-6002-81a1e2c785ea, 0, 0, 10240, 37, 6.87, 210, 405, P8
2026-07-10T02:20:27,1, GPU-65b9a886-d157-27fa-09d1-8894bc5cc135, 52, 4693, 10240, 73, 267.76, 1935, 9251, P2
2026-07-10T02:20:29,0, GPU-fcd97b9d-0c2b-3db7-6002-81a1e2c785ea, 0, 0, 10240, 37, 6.73, 210, 405, P8
2026-07-10T02:20:29,1, GPU-65b9a886-d157-27fa-09d1-8894bc5cc135, 63, 4693, 10240, 73, 266.60, 1950, 9251, P2
2026-07-10T02:20:30,0, GPU-fcd97b9d-0c2b-3db7-6002-81a1e2c785ea, 0, 0, 10240, 37, 6.76, 210, 405, P8
2026-07-10T02:20:30,1, GPU-65b9a886-d157-27fa-09d1-8894bc5cc135, 58, 4693, 10240, 73, 267.11, 1950, 9251, P2
2026-07-10T02:20:31,0, GPU-fcd97b9d-0c2b-3db7-6002-81a1e2c785ea, 0, 0, 10240, 37, 6.88, 210, 405, P8
2026-07-10T02:20:31,1, GPU-65b9a886-d157-27fa-09d1-8894bc5cc135, 62, 4693, 10240, 74, 270.58, 1950, 9251, P2
2026-07-10T02:20:32,0, GPU-fcd97b9d-0c2b-3db7-6002-81a1e2c785ea, 0, 0, 10240, 37, 6.69, 210, 405, P8
2026-07-10T02:20:32,1, GPU-65b9a886-d157-27fa-09d1-8894bc5cc135, 69, 4693, 10240, 73, 267.05, 1935, 9251, P2
2026-07-10T02:20:33,0, GPU-fcd97b9d-0c2b-3db7-6002-81a1e2c785ea, 0, 0, 10240, 37, 6.66, 210, 405, P8
2026-07-10T02:20:33,1, GPU-65b9a886-d157-27fa-09d1-8894bc5cc135, 64, 4693, 10240, 74, 269.15, 1950, 9251, P2
2026-07-10T02:20:34,0, GPU-fcd97b9d-0c2b-3db7-6002-81a1e2c785ea, 0, 0, 10240, 37, 6.78, 210, 405, P8
2026-07-10T02:20:34,1, GPU-65b9a886-d157-27fa-09d1-8894bc5cc135, 70, 4693, 10240, 74, 268.69, 1950, 9251, P2
2026-07-10T02:20:35,0, GPU-fcd97b9d-0c2b-3db7-6002-81a1e2c785ea, 0, 0, 10240, 37, 6.64, 210, 405, P8
2026-07-10T02:20:35,1, GPU-65b9a886-d157-27fa-09d1-8894bc5cc135, 59, 4693, 10240, 73, 267.01, 1950, 9251, P2
2026-07-10T02:20:36,0, GPU-fcd97b9d-0c2b-3db7-6002-81a1e2c785ea, 0, 0, 10240, 37, 6.65, 210, 405, P8
2026-07-10T02:20:36,1, GPU-65b9a886-d157-27fa-09d1-8894bc5cc135, 65, 4693, 10240, 74, 270.33, 1935, 9251, P2
2026-07-10T02:20:37,0, GPU-fcd97b9d-0c2b-3db7-6002-81a1e2c785ea, 0, 0, 10240, 37, 6.80, 210, 405, P8
2026-07-10T02:20:37,1, GPU-65b9a886-d157-27fa-09d1-8894bc5cc135, 58, 4693, 10240, 74, 268.95, 1935, 9251, P2
2026-07-10T02:20:38,0, GPU-fcd97b9d-0c2b-3db7-6002-81a1e2c785ea, 0, 0, 10240, 37, 6.57, 210, 405, P8
2026-07-10T02:20:38,1, GPU-65b9a886-d157-27fa-09d1-8894bc5cc135, 52, 4693, 10240, 73, 265.84, 1950, 9251, P2
2026-07-10T02:20:39,0, GPU-fcd97b9d-0c2b-3db7-6002-81a1e2c785ea, 0, 0, 10240, 37, 6.72, 210, 405, P8
2026-07-10T02:20:39,1, GPU-65b9a886-d157-27fa-09d1-8894bc5cc135, 57, 4693, 10240, 74, 268.28, 1950, 9251, P2
2026-07-10T02:20:40,0, GPU-fcd97b9d-0c2b-3db7-6002-81a1e2c785ea, 0, 0, 10240, 37, 6.89, 210, 405, P8
2026-07-10T02:20:40,1, GPU-65b9a886-d157-27fa-09d1-8894bc5cc135, 72, 4693, 10240, 74, 270.25, 1935, 9251, P2
2026-07-10T02:20:41,0, GPU-fcd97b9d-0c2b-3db7-6002-81a1e2c785ea, 0, 0, 10240, 37, 6.68, 210, 405, P8
2026-07-10T02:20:41,1, GPU-65b9a886-d157-27fa-09d1-8894bc5cc135, 71, 4693, 10240, 74, 270.21, 1935, 9251, P2
2026-07-10T02:20:42,0, GPU-fcd97b9d-0c2b-3db7-6002-81a1e2c785ea, 0, 0, 10240, 37, 6.76, 210, 405, P8
2026-07-10T02:20:42,1, GPU-65b9a886-d157-27fa-09d1-8894bc5cc135, 69, 4693, 10240, 75, 271.65, 1935, 9251, P2
2026-07-10T02:20:43,0, GPU-fcd97b9d-0c2b-3db7-6002-81a1e2c785ea, 0, 0, 10240, 37, 7.02, 210, 405, P8
2026-07-10T02:20:43,1, GPU-65b9a886-d157-27fa-09d1-8894bc5cc135, 45, 4693, 10240, 69, 214.37, 1950, 9251, P2
2026-07-10T02:20:44,0, GPU-fcd97b9d-0c2b-3db7-6002-81a1e2c785ea, 0, 0, 10240, 37, 6.58, 210, 405, P8
2026-07-10T02:20:44,1, GPU-65b9a886-d157-27fa-09d1-8894bc5cc135, 55, 4693, 10240, 74, 263.94, 1950, 9251, P2
2026-07-10T02:20:45,0, GPU-fcd97b9d-0c2b-3db7-6002-81a1e2c785ea, 0, 0, 10240, 37, 7.11, 210, 405, P8
2026-07-10T02:20:45,1, GPU-65b9a886-d157-27fa-09d1-8894bc5cc135, 52, 4693, 10240, 74, 267.85, 1950, 9251, P2
2026-07-10T02:20:46,0, GPU-fcd97b9d-0c2b-3db7-6002-81a1e2c785ea, 0, 0, 10240, 37, 6.77, 210, 405, P8
2026-07-10T02:20:46,1, GPU-65b9a886-d157-27fa-09d1-8894bc5cc135, 62, 4693, 10240, 74, 265.61, 1950, 9251, P2
2026-07-10T02:20:47,0, GPU-fcd97b9d-0c2b-3db7-6002-81a1e2c785ea, 0, 0, 10240, 37, 6.72, 210, 405, P8
2026-07-10T02:20:47,1, GPU-65b9a886-d157-27fa-09d1-8894bc5cc135, 62, 4693, 10240, 74, 269.21, 1950, 9251, P2
2026-07-10T02:20:49,0, GPU-fcd97b9d-0c2b-3db7-6002-81a1e2c785ea, 0, 0, 10240, 37, 6.93, 210, 405, P8
2026-07-10T02:20:49,1, GPU-65b9a886-d157-27fa-09d1-8894bc5cc135, 61, 4693, 10240, 75, 269.66, 1950, 9251, P2
2026-07-10T02:20:50,0, GPU-fcd97b9d-0c2b-3db7-6002-81a1e2c785ea, 0, 0, 10240, 37, 6.72, 210, 405, P8
2026-07-10T02:20:50,1, GPU-65b9a886-d157-27fa-09d1-8894bc5cc135, 70, 4693, 10240, 74, 268.11, 1935, 9251, P2
2026-07-10T02:20:51,0, GPU-fcd97b9d-0c2b-3db7-6002-81a1e2c785ea, 0, 0, 10240, 37, 6.71, 210, 405, P8
2026-07-10T02:20:51,1, GPU-65b9a886-d157-27fa-09d1-8894bc5cc135, 61, 4693, 10240, 74, 266.03, 1950, 9251, P2
2026-07-10T02:20:52,0, GPU-fcd97b9d-0c2b-3db7-6002-81a1e2c785ea, 0, 0, 10240, 37, 6.86, 210, 405, P8
2026-07-10T02:20:52,1, GPU-65b9a886-d157-27fa-09d1-8894bc5cc135, 59, 4693, 10240, 74, 264.45, 1950, 9251, P2
2026-07-10T02:20:53,0, GPU-fcd97b9d-0c2b-3db7-6002-81a1e2c785ea, 0, 0, 10240, 37, 6.66, 210, 405, P8
2026-07-10T02:20:53,1, GPU-65b9a886-d157-27fa-09d1-8894bc5cc135, 53, 4693, 10240, 74, 266.41, 1950, 9251, P2
2026-07-10T02:20:54,0, GPU-fcd97b9d-0c2b-3db7-6002-81a1e2c785ea, 0, 0, 10240, 37, 6.69, 210, 405, P8
2026-07-10T02:20:54,1, GPU-65b9a886-d157-27fa-09d1-8894bc5cc135, 63, 4693, 10240, 74, 268.45, 1950, 9251, P2
2026-07-10T02:20:55,0, GPU-fcd97b9d-0c2b-3db7-6002-81a1e2c785ea, 0, 0, 10240, 37, 6.83, 210, 405, P8
2026-07-10T02:20:55,1, GPU-65b9a886-d157-27fa-09d1-8894bc5cc135, 52, 4693, 10240, 74, 264.37, 1950, 9251, P2
2026-07-10T02:20:56,0, GPU-fcd97b9d-0c2b-3db7-6002-81a1e2c785ea, 0, 0, 10240, 37, 6.70, 210, 405, P8
2026-07-10T02:20:56,1, GPU-65b9a886-d157-27fa-09d1-8894bc5cc135, 62, 4693, 10240, 74, 268.14, 1935, 9251, P2
2026-07-10T02:20:57,0, GPU-fcd97b9d-0c2b-3db7-6002-81a1e2c785ea, 0, 0, 10240, 37, 6.83, 210, 405, P8
2026-07-10T02:20:57,1, GPU-65b9a886-d157-27fa-09d1-8894bc5cc135, 65, 4693, 10240, 75, 271.48, 1950, 9251, P2
2026-07-10T02:20:58,0, GPU-fcd97b9d-0c2b-3db7-6002-81a1e2c785ea, 0, 0, 10240, 37, 7.10, 210, 405, P8
2026-07-10T02:20:58,1, GPU-65b9a886-d157-27fa-09d1-8894bc5cc135, 66, 4693, 10240, 75, 270.61, 1935, 9251, P2
2026-07-10T02:20:59,0, GPU-fcd97b9d-0c2b-3db7-6002-81a1e2c785ea, 0, 0, 10240, 37, 6.93, 210, 405, P8
2026-07-10T02:20:59,1, GPU-65b9a886-d157-27fa-09d1-8894bc5cc135, 54, 4693, 10240, 74, 263.85, 1935, 9251, P2
2026-07-10T02:21:00,0, GPU-fcd97b9d-0c2b-3db7-6002-81a1e2c785ea, 0, 0, 10240, 37, 6.84, 210, 405, P8
2026-07-10T02:21:00,1, GPU-65b9a886-d157-27fa-09d1-8894bc5cc135, 58, 4693, 10240, 74, 270.48, 1935, 9251, P2
2026-07-10T02:21:01,0, GPU-fcd97b9d-0c2b-3db7-6002-81a1e2c785ea, 0, 0, 10240, 37, 6.95, 210, 405, P8
2026-07-10T02:21:01,1, GPU-65b9a886-d157-27fa-09d1-8894bc5cc135, 53, 4693, 10240, 74, 272.44, 1935, 9251, P2
2026-07-10T02:21:02,0, GPU-fcd97b9d-0c2b-3db7-6002-81a1e2c785ea, 0, 0, 10240, 37, 6.80, 210, 405, P8
2026-07-10T02:21:02,1, GPU-65b9a886-d157-27fa-09d1-8894bc5cc135, 53, 4693, 10240, 74, 274.29, 1950, 9251, P2
2026-07-10T02:21:03,0, GPU-fcd97b9d-0c2b-3db7-6002-81a1e2c785ea, 0, 0, 10240, 37, 6.85, 210, 405, P8
2026-07-10T02:21:03,1, GPU-65b9a886-d157-27fa-09d1-8894bc5cc135, 61, 4693, 10240, 74, 275.12, 1950, 9251, P2
2026-07-10T02:21:04,0, GPU-fcd97b9d-0c2b-3db7-6002-81a1e2c785ea, 0, 0, 10240, 37, 6.93, 210, 405, P8
2026-07-10T02:21:04,1, GPU-65b9a886-d157-27fa-09d1-8894bc5cc135, 53, 4693, 10240, 75, 270.15, 1950, 9251, P2
2026-07-10T02:21:05,0, GPU-fcd97b9d-0c2b-3db7-6002-81a1e2c785ea, 0, 0, 10240, 37, 6.77, 210, 405, P8
2026-07-10T02:21:05,1, GPU-65b9a886-d157-27fa-09d1-8894bc5cc135, 56, 4693, 10240, 75, 272.96, 1950, 9251, P2
2026-07-10T02:21:06,0, GPU-fcd97b9d-0c2b-3db7-6002-81a1e2c785ea, 0, 0, 10240, 37, 6.72, 210, 405, P8
2026-07-10T02:21:06,1, GPU-65b9a886-d157-27fa-09d1-8894bc5cc135, 70, 4693, 10240, 74, 274.56, 1935, 9251, P2
2026-07-10T02:21:07,0, GPU-fcd97b9d-0c2b-3db7-6002-81a1e2c785ea, 0, 0, 10240, 37, 6.68, 210, 405, P8
2026-07-10T02:21:07,1, GPU-65b9a886-d157-27fa-09d1-8894bc5cc135, 50, 4693, 10240, 75, 273.19, 1950, 9251, P2
2026-07-10T02:21:09,0, GPU-fcd97b9d-0c2b-3db7-6002-81a1e2c785ea, 0, 0, 10240, 37, 6.77, 210, 405, P8
2026-07-10T02:21:09,1, GPU-65b9a886-d157-27fa-09d1-8894bc5cc135, 62, 4693, 10240, 75, 273.98, 1935, 9251, P2
2026-07-10T02:21:10,0, GPU-fcd97b9d-0c2b-3db7-6002-81a1e2c785ea, 0, 0, 10240, 37, 6.62, 210, 405, P8
2026-07-10T02:21:10,1, GPU-65b9a886-d157-27fa-09d1-8894bc5cc135, 68, 4693, 10240, 75, 272.36, 1935, 9251, P2
2026-07-10T02:21:11,0, GPU-fcd97b9d-0c2b-3db7-6002-81a1e2c785ea, 0, 0, 10240, 37, 6.64, 210, 405, P8
2026-07-10T02:21:11,1, GPU-65b9a886-d157-27fa-09d1-8894bc5cc135, 59, 4693, 10240, 75, 273.89, 1935, 9251, P2
2026-07-10T02:21:12,0, GPU-fcd97b9d-0c2b-3db7-6002-81a1e2c785ea, 0, 0, 10240, 37, 6.89, 210, 405, P8
2026-07-10T02:21:12,1, GPU-65b9a886-d157-27fa-09d1-8894bc5cc135, 71, 4693, 10240, 75, 274.34, 1950, 9251, P2
2026-07-10T02:21:13,0, GPU-fcd97b9d-0c2b-3db7-6002-81a1e2c785ea, 0, 0, 10240, 37, 6.79, 210, 405, P8
2026-07-10T02:21:13,1, GPU-65b9a886-d157-27fa-09d1-8894bc5cc135, 34, 4499, 10240, 75, 269.28, 1950, 9251, P2
2026-07-10T02:21:14,0, GPU-fcd97b9d-0c2b-3db7-6002-81a1e2c785ea, 0, 0, 10240, 37, 6.61, 210, 405, P8
2026-07-10T02:21:14,1, GPU-65b9a886-d157-27fa-09d1-8894bc5cc135, 53, 4695, 10240, 73, 224.93, 1950, 9251, P2
2026-07-10T02:21:15,0, GPU-fcd97b9d-0c2b-3db7-6002-81a1e2c785ea, 0, 0, 10240, 37, 6.86, 210, 405, P8
2026-07-10T02:21:15,1, GPU-65b9a886-d157-27fa-09d1-8894bc5cc135, 55, 4695, 10240, 74, 261.76, 1935, 9251, P2
2026-07-10T02:21:16,0, GPU-fcd97b9d-0c2b-3db7-6002-81a1e2c785ea, 0, 0, 10240, 37, 6.89, 210, 405, P8
2026-07-10T02:21:16,1, GPU-65b9a886-d157-27fa-09d1-8894bc5cc135, 55, 4695, 10240, 74, 259.45, 1950, 9251, P2
2026-07-10T02:21:17,0, GPU-fcd97b9d-0c2b-3db7-6002-81a1e2c785ea, 0, 0, 10240, 37, 6.89, 210, 405, P8
2026-07-10T02:21:17,1, GPU-65b9a886-d157-27fa-09d1-8894bc5cc135, 59, 4695, 10240, 74, 262.68, 1950, 9251, P2
2026-07-10T02:21:18,0, GPU-fcd97b9d-0c2b-3db7-6002-81a1e2c785ea, 0, 0, 10240, 37, 7.04, 210, 405, P8
2026-07-10T02:21:18,1, GPU-65b9a886-d157-27fa-09d1-8894bc5cc135, 49, 4695, 10240, 73, 256.06, 1935, 9251, P2
2026-07-10T02:21:19,0, GPU-fcd97b9d-0c2b-3db7-6002-81a1e2c785ea, 0, 0, 10240, 37, 6.85, 210, 405, P8
2026-07-10T02:21:19,1, GPU-65b9a886-d157-27fa-09d1-8894bc5cc135, 53, 4695, 10240, 73, 259.65, 1935, 9251, P2
2026-07-10T02:21:20,0, GPU-fcd97b9d-0c2b-3db7-6002-81a1e2c785ea, 0, 0, 10240, 37, 6.86, 210, 405, P8
2026-07-10T02:21:20,1, GPU-65b9a886-d157-27fa-09d1-8894bc5cc135, 54, 4695, 10240, 74, 262.82, 1950, 9251, P2
2026-07-10T02:21:21,0, GPU-fcd97b9d-0c2b-3db7-6002-81a1e2c785ea, 0, 0, 10240, 37, 7.02, 210, 405, P8
2026-07-10T02:21:21,1, GPU-65b9a886-d157-27fa-09d1-8894bc5cc135, 53, 4695, 10240, 74, 257.78, 1950, 9251, P2
2026-07-10T02:21:22,0, GPU-fcd97b9d-0c2b-3db7-6002-81a1e2c785ea, 0, 0, 10240, 37, 6.86, 210, 405, P8
2026-07-10T02:21:22,1, GPU-65b9a886-d157-27fa-09d1-8894bc5cc135, 55, 4695, 10240, 74, 262.03, 1935, 9251, P2
2026-07-10T02:21:23,0, GPU-fcd97b9d-0c2b-3db7-6002-81a1e2c785ea, 0, 0, 10240, 37, 6.76, 210, 405, P8
2026-07-10T02:21:23,1, GPU-65b9a886-d157-27fa-09d1-8894bc5cc135, 58, 4695, 10240, 74, 260.29, 1950, 9251, P2
2026-07-10T02:21:24,0, GPU-fcd97b9d-0c2b-3db7-6002-81a1e2c785ea, 0, 0, 10240, 37, 6.93, 210, 405, P8
2026-07-10T02:21:24,1, GPU-65b9a886-d157-27fa-09d1-8894bc5cc135, 54, 4695, 10240, 74, 264.53, 1950, 9251, P2
2026-07-10T02:21:25,0, GPU-fcd97b9d-0c2b-3db7-6002-81a1e2c785ea, 0, 0, 10240, 37, 6.81, 210, 405, P8
2026-07-10T02:21:25,1, GPU-65b9a886-d157-27fa-09d1-8894bc5cc135, 51, 4695, 10240, 73, 259.94, 1950, 9251, P2
2026-07-10T02:21:26,0, GPU-fcd97b9d-0c2b-3db7-6002-81a1e2c785ea, 0, 0, 10240, 37, 6.87, 210, 405, P8
2026-07-10T02:21:26,1, GPU-65b9a886-d157-27fa-09d1-8894bc5cc135, 47, 4695, 10240, 74, 265.09, 1950, 9251, P2
2026-07-10T02:21:27,0, GPU-fcd97b9d-0c2b-3db7-6002-81a1e2c785ea, 0, 0, 10240, 37, 6.70, 210, 405, P8
2026-07-10T02:21:27,1, GPU-65b9a886-d157-27fa-09d1-8894bc5cc135, 52, 4695, 10240, 74, 262.09, 1950, 9251, P2
2026-07-10T02:21:29,0, GPU-fcd97b9d-0c2b-3db7-6002-81a1e2c785ea, 0, 0, 10240, 37, 6.74, 210, 405, P8
2026-07-10T02:21:29,1, GPU-65b9a886-d157-27fa-09d1-8894bc5cc135, 53, 4695, 10240, 74, 263.29, 1950, 9251, P2
2026-07-10T02:21:30,0, GPU-fcd97b9d-0c2b-3db7-6002-81a1e2c785ea, 0, 0, 10240, 37, 6.96, 210, 405, P8
2026-07-10T02:21:30,1, GPU-65b9a886-d157-27fa-09d1-8894bc5cc135, 64, 4695, 10240, 75, 268.22, 1950, 9251, P2
2026-07-10T02:21:31,0, GPU-fcd97b9d-0c2b-3db7-6002-81a1e2c785ea, 0, 0, 10240, 37, 6.78, 210, 405, P8
2026-07-10T02:21:31,1, GPU-65b9a886-d157-27fa-09d1-8894bc5cc135, 58, 4695, 10240, 75, 266.07, 1935, 9251, P2
2026-07-10T02:21:32,0, GPU-fcd97b9d-0c2b-3db7-6002-81a1e2c785ea, 0, 0, 10240, 37, 6.78, 210, 405, P8
2026-07-10T02:21:32,1, GPU-65b9a886-d157-27fa-09d1-8894bc5cc135, 56, 4695, 10240, 74, 265.12, 1950, 9251, P2
2026-07-10T02:21:33,0, GPU-fcd97b9d-0c2b-3db7-6002-81a1e2c785ea, 0, 0, 10240, 37, 6.96, 210, 405, P8
2026-07-10T02:21:33,1, GPU-65b9a886-d157-27fa-09d1-8894bc5cc135, 54, 4695, 10240, 74, 265.15, 1950, 9251, P2
2026-07-10T02:21:34,0, GPU-fcd97b9d-0c2b-3db7-6002-81a1e2c785ea, 0, 0, 10240, 37, 6.87, 210, 405, P8
2026-07-10T02:21:34,1, GPU-65b9a886-d157-27fa-09d1-8894bc5cc135, 60, 4695, 10240, 74, 269.66, 1950, 9251, P2
2026-07-10T02:21:35,0, GPU-fcd97b9d-0c2b-3db7-6002-81a1e2c785ea, 0, 0, 10240, 37, 6.87, 210, 405, P8
2026-07-10T02:21:35,1, GPU-65b9a886-d157-27fa-09d1-8894bc5cc135, 58, 4695, 10240, 75, 267.98, 1935, 9251, P2
2026-07-10T02:21:36,0, GPU-fcd97b9d-0c2b-3db7-6002-81a1e2c785ea, 0, 0, 10240, 37, 6.94, 210, 405, P8
2026-07-10T02:21:36,1, GPU-65b9a886-d157-27fa-09d1-8894bc5cc135, 54, 4695, 10240, 74, 263.05, 1935, 9251, P2
2026-07-10T02:21:37,0, GPU-fcd97b9d-0c2b-3db7-6002-81a1e2c785ea, 0, 0, 10240, 37, 6.73, 210, 405, P8
2026-07-10T02:21:37,1, GPU-65b9a886-d157-27fa-09d1-8894bc5cc135, 52, 4695, 10240, 74, 265.47, 1950, 9251, P2
2026-07-10T02:21:38,0, GPU-fcd97b9d-0c2b-3db7-6002-81a1e2c785ea, 0, 0, 10240, 37, 6.75, 210, 405, P8
2026-07-10T02:21:38,1, GPU-65b9a886-d157-27fa-09d1-8894bc5cc135, 49, 4695, 10240, 73, 268.03, 1950, 9251, P2
2026-07-10T02:21:39,0, GPU-fcd97b9d-0c2b-3db7-6002-81a1e2c785ea, 0, 0, 10240, 37, 6.93, 210, 405, P8
2026-07-10T02:21:39,1, GPU-65b9a886-d157-27fa-09d1-8894bc5cc135, 56, 4695, 10240, 74, 269.10, 1935, 9251, P2
2026-07-10T02:21:40,0, GPU-fcd97b9d-0c2b-3db7-6002-81a1e2c785ea, 0, 0, 10240, 37, 6.78, 210, 405, P8
2026-07-10T02:21:40,1, GPU-65b9a886-d157-27fa-09d1-8894bc5cc135, 39, 4695, 10240, 70, 228.43, 1950, 9251, P2
2026-07-10T02:21:41,0, GPU-fcd97b9d-0c2b-3db7-6002-81a1e2c785ea, 0, 0, 10240, 37, 6.64, 210, 405, P8
2026-07-10T02:21:41,1, GPU-65b9a886-d157-27fa-09d1-8894bc5cc135, 55, 4695, 10240, 73, 254.67, 1950, 9251, P2
2026-07-10T02:21:42,0, GPU-fcd97b9d-0c2b-3db7-6002-81a1e2c785ea, 0, 0, 10240, 37, 6.92, 210, 405, P8
2026-07-10T02:21:42,1, GPU-65b9a886-d157-27fa-09d1-8894bc5cc135, 58, 4695, 10240, 74, 260.67, 1950, 9251, P2
2026-07-10T02:21:43,0, GPU-fcd97b9d-0c2b-3db7-6002-81a1e2c785ea, 0, 0, 10240, 37, 7.00, 210, 405, P8
2026-07-10T02:21:43,1, GPU-65b9a886-d157-27fa-09d1-8894bc5cc135, 55, 4695, 10240, 73, 257.20, 1950, 9251, P2
2026-07-10T02:21:44,0, GPU-fcd97b9d-0c2b-3db7-6002-81a1e2c785ea, 0, 0, 10240, 37, 6.89, 210, 405, P8
2026-07-10T02:21:44,1, GPU-65b9a886-d157-27fa-09d1-8894bc5cc135, 53, 4695, 10240, 75, 260.77, 1950, 9251, P2
2026-07-10T02:21:45,0, GPU-fcd97b9d-0c2b-3db7-6002-81a1e2c785ea, 0, 0, 10240, 37, 6.82, 210, 405, P8
2026-07-10T02:21:45,1, GPU-65b9a886-d157-27fa-09d1-8894bc5cc135, 54, 4695, 10240, 74, 259.27, 1935, 9251, P2
2026-07-10T02:21:46,0, GPU-fcd97b9d-0c2b-3db7-6002-81a1e2c785ea, 0, 0, 10240, 37, 6.87, 210, 405, P8
2026-07-10T02:21:46,1, GPU-65b9a886-d157-27fa-09d1-8894bc5cc135, 47, 4695, 10240, 73, 258.14, 1950, 9251, P2
2026-07-10T02:21:47,0, GPU-fcd97b9d-0c2b-3db7-6002-81a1e2c785ea, 0, 0, 10240, 37, 6.75, 210, 405, P8
2026-07-10T02:21:47,1, GPU-65b9a886-d157-27fa-09d1-8894bc5cc135, 54, 4695, 10240, 73, 258.44, 1935, 9251, P2
2026-07-10T02:21:48,0, GPU-fcd97b9d-0c2b-3db7-6002-81a1e2c785ea, 0, 0, 10240, 37, 6.74, 210, 405, P8
2026-07-10T02:21:48,1, GPU-65b9a886-d157-27fa-09d1-8894bc5cc135, 49, 4695, 10240, 73, 257.98, 1950, 9251, P2
2026-07-10T02:21:50,0, GPU-fcd97b9d-0c2b-3db7-6002-81a1e2c785ea, 0, 0, 10240, 37, 6.92, 210, 405, P8
2026-07-10T02:21:50,1, GPU-65b9a886-d157-27fa-09d1-8894bc5cc135, 55, 4695, 10240, 75, 262.93, 1935, 9251, P2
2026-07-10T02:21:51,0, GPU-fcd97b9d-0c2b-3db7-6002-81a1e2c785ea, 0, 0, 10240, 37, 6.84, 210, 405, P8
2026-07-10T02:21:51,1, GPU-65b9a886-d157-27fa-09d1-8894bc5cc135, 58, 4695, 10240, 74, 264.92, 1950, 9251, P2
2026-07-10T02:21:52,0, GPU-fcd97b9d-0c2b-3db7-6002-81a1e2c785ea, 0, 0, 10240, 37, 6.96, 210, 405, P8
2026-07-10T02:21:52,1, GPU-65b9a886-d157-27fa-09d1-8894bc5cc135, 51, 4695, 10240, 74, 265.59, 1935, 9251, P2
2026-07-10T02:21:53,0, GPU-fcd97b9d-0c2b-3db7-6002-81a1e2c785ea, 0, 0, 10240, 37, 7.11, 210, 405, P8
2026-07-10T02:21:53,1, GPU-65b9a886-d157-27fa-09d1-8894bc5cc135, 63, 4695, 10240, 74, 266.16, 1950, 9251, P2
2026-07-10T02:21:54,0, GPU-fcd97b9d-0c2b-3db7-6002-81a1e2c785ea, 0, 0, 10240, 37, 6.90, 210, 405, P8
2026-07-10T02:21:54,1, GPU-65b9a886-d157-27fa-09d1-8894bc5cc135, 62, 4695, 10240, 73, 263.57, 1920, 9251, P2
2026-07-10T02:21:55,0, GPU-fcd97b9d-0c2b-3db7-6002-81a1e2c785ea, 0, 0, 10240, 37, 6.94, 210, 405, P8
2026-07-10T02:21:55,1, GPU-65b9a886-d157-27fa-09d1-8894bc5cc135, 60, 4695, 10240, 74, 265.61, 1950, 9251, P2
2026-07-10T02:21:56,0, GPU-fcd97b9d-0c2b-3db7-6002-81a1e2c785ea, 0, 0, 10240, 37, 7.11, 210, 405, P8
2026-07-10T02:21:56,1, GPU-65b9a886-d157-27fa-09d1-8894bc5cc135, 52, 4695, 10240, 74, 263.17, 1935, 9251, P2
2026-07-10T02:21:57,0, GPU-fcd97b9d-0c2b-3db7-6002-81a1e2c785ea, 0, 0, 10240, 37, 6.86, 210, 405, P8
2026-07-10T02:21:57,1, GPU-65b9a886-d157-27fa-09d1-8894bc5cc135, 56, 4695, 10240, 74, 266.11, 1935, 9251, P2
2026-07-10T02:21:58,0, GPU-fcd97b9d-0c2b-3db7-6002-81a1e2c785ea, 0, 0, 10240, 37, 6.87, 210, 405, P8
2026-07-10T02:21:58,1, GPU-65b9a886-d157-27fa-09d1-8894bc5cc135, 63, 4695, 10240, 74, 268.10, 1935, 9251, P2
2026-07-10T02:21:59,0, GPU-fcd97b9d-0c2b-3db7-6002-81a1e2c785ea, 0, 0, 10240, 37, 7.03, 210, 405, P8
2026-07-10T02:21:59,1, GPU-65b9a886-d157-27fa-09d1-8894bc5cc135, 57, 4695, 10240, 74, 266.98, 1935, 9251, P2
2026-07-10T02:22:00,0, GPU-fcd97b9d-0c2b-3db7-6002-81a1e2c785ea, 0, 0, 10240, 37, 6.85, 210, 405, P8
2026-07-10T02:22:00,1, GPU-65b9a886-d157-27fa-09d1-8894bc5cc135, 53, 4695, 10240, 75, 268.98, 1935, 9251, P2
2026-07-10T02:22:01,0, GPU-fcd97b9d-0c2b-3db7-6002-81a1e2c785ea, 0, 0, 10240, 37, 6.97, 210, 405, P8
2026-07-10T02:22:01,1, GPU-65b9a886-d157-27fa-09d1-8894bc5cc135, 62, 4695, 10240, 74, 267.20, 1935, 9251, P2
2026-07-10T02:22:02,0, GPU-fcd97b9d-0c2b-3db7-6002-81a1e2c785ea, 0, 0, 10240, 37, 6.96, 210, 405, P8
2026-07-10T02:22:02,1, GPU-65b9a886-d157-27fa-09d1-8894bc5cc135, 59, 4695, 10240, 74, 267.84, 1935, 9251, P2
2026-07-10T02:22:03,0, GPU-fcd97b9d-0c2b-3db7-6002-81a1e2c785ea, 0, 0, 10240, 37, 6.82, 210, 405, P8
2026-07-10T02:22:03,1, GPU-65b9a886-d157-27fa-09d1-8894bc5cc135, 19, 4501, 10240, 69, 253.03, 1950, 9251, P2
2026-07-10T02:22:04,0, GPU-fcd97b9d-0c2b-3db7-6002-81a1e2c785ea, 0, 0, 10240, 37, 6.67, 210, 405, P8
2026-07-10T02:22:04,1, GPU-65b9a886-d157-27fa-09d1-8894bc5cc135, 55, 4695, 10240, 73, 233.31, 1950, 9251, P2
2026-07-10T02:22:05,0, GPU-fcd97b9d-0c2b-3db7-6002-81a1e2c785ea, 0, 0, 10240, 37, 6.92, 210, 405, P8
2026-07-10T02:22:05,1, GPU-65b9a886-d157-27fa-09d1-8894bc5cc135, 54, 4695, 10240, 74, 262.45, 1935, 9251, P2
2026-07-10T02:22:06,0, GPU-fcd97b9d-0c2b-3db7-6002-81a1e2c785ea, 0, 0, 10240, 37, 6.95, 210, 405, P8
2026-07-10T02:22:06,1, GPU-65b9a886-d157-27fa-09d1-8894bc5cc135, 50, 4695, 10240, 74, 259.48, 1950, 9251, P2
2026-07-10T02:22:07,0, GPU-fcd97b9d-0c2b-3db7-6002-81a1e2c785ea, 0, 0, 10240, 37, 7.00, 210, 405, P8
2026-07-10T02:22:07,1, GPU-65b9a886-d157-27fa-09d1-8894bc5cc135, 52, 4695, 10240, 73, 256.95, 1950, 9251, P2
2026-07-10T02:22:09,0, GPU-fcd97b9d-0c2b-3db7-6002-81a1e2c785ea, 0, 0, 10240, 37, 6.74, 210, 405, P8
2026-07-10T02:22:09,1, GPU-65b9a886-d157-27fa-09d1-8894bc5cc135, 51, 4695, 10240, 74, 257.74, 1950, 9251, P2
2026-07-10T02:22:10,0, GPU-fcd97b9d-0c2b-3db7-6002-81a1e2c785ea, 0, 0, 10240, 37, 6.71, 210, 405, P8
2026-07-10T02:22:10,1, GPU-65b9a886-d157-27fa-09d1-8894bc5cc135, 53, 4695, 10240, 74, 262.79, 1950, 9251, P2
2026-07-10T02:22:11,0, GPU-fcd97b9d-0c2b-3db7-6002-81a1e2c785ea, 0, 0, 10240, 37, 6.89, 210, 405, P8
2026-07-10T02:22:11,1, GPU-65b9a886-d157-27fa-09d1-8894bc5cc135, 55, 4695, 10240, 74, 263.84, 1920, 9251, P2
2026-07-10T02:22:12,0, GPU-fcd97b9d-0c2b-3db7-6002-81a1e2c785ea, 0, 0, 10240, 37, 6.69, 210, 405, P8
2026-07-10T02:22:12,1, GPU-65b9a886-d157-27fa-09d1-8894bc5cc135, 61, 4695, 10240, 74, 263.30, 1950, 9251, P2
2026-07-10T02:22:13,0, GPU-fcd97b9d-0c2b-3db7-6002-81a1e2c785ea, 0, 0, 10240, 37, 6.66, 210, 405, P8
2026-07-10T02:22:13,1, GPU-65b9a886-d157-27fa-09d1-8894bc5cc135, 53, 4695, 10240, 74, 262.31, 1935, 9251, P2
2026-07-10T02:22:14,0, GPU-fcd97b9d-0c2b-3db7-6002-81a1e2c785ea, 0, 0, 10240, 37, 6.88, 210, 405, P8
2026-07-10T02:22:14,1, GPU-65b9a886-d157-27fa-09d1-8894bc5cc135, 59, 4695, 10240, 74, 266.17, 1935, 9251, P2
2026-07-10T02:22:15,0, GPU-fcd97b9d-0c2b-3db7-6002-81a1e2c785ea, 0, 0, 10240, 37, 6.75, 210, 405, P8
2026-07-10T02:22:15,1, GPU-65b9a886-d157-27fa-09d1-8894bc5cc135, 59, 4695, 10240, 74, 263.05, 1935, 9251, P2
2026-07-10T02:22:16,0, GPU-fcd97b9d-0c2b-3db7-6002-81a1e2c785ea, 0, 0, 10240, 37, 6.74, 210, 405, P8
2026-07-10T02:22:16,1, GPU-65b9a886-d157-27fa-09d1-8894bc5cc135, 58, 4695, 10240, 74, 264.46, 1950, 9251, P2
2026-07-10T02:22:17,0, GPU-fcd97b9d-0c2b-3db7-6002-81a1e2c785ea, 0, 0, 10240, 37, 6.88, 210, 405, P8
2026-07-10T02:22:17,1, GPU-65b9a886-d157-27fa-09d1-8894bc5cc135, 51, 4695, 10240, 74, 267.32, 1920, 9251, P2
2026-07-10T02:22:18,0, GPU-fcd97b9d-0c2b-3db7-6002-81a1e2c785ea, 0, 0, 10240, 37, 6.75, 210, 405, P8
2026-07-10T02:22:18,1, GPU-65b9a886-d157-27fa-09d1-8894bc5cc135, 58, 4695, 10240, 74, 264.48, 1950, 9251, P2
2026-07-10T02:22:19,0, GPU-fcd97b9d-0c2b-3db7-6002-81a1e2c785ea, 0, 0, 10240, 37, 6.80, 210, 405, P8
2026-07-10T02:22:19,1, GPU-65b9a886-d157-27fa-09d1-8894bc5cc135, 55, 4695, 10240, 74, 267.23, 1935, 9251, P2
2026-07-10T02:22:20,0, GPU-fcd97b9d-0c2b-3db7-6002-81a1e2c785ea, 0, 0, 10240, 37, 7.01, 210, 405, P8
2026-07-10T02:22:20,1, GPU-65b9a886-d157-27fa-09d1-8894bc5cc135, 57, 4695, 10240, 74, 266.93, 1920, 9251, P2
2026-07-10T02:22:21,0, GPU-fcd97b9d-0c2b-3db7-6002-81a1e2c785ea, 0, 0, 10240, 37, 6.89, 210, 405, P8
2026-07-10T02:22:21,1, GPU-65b9a886-d157-27fa-09d1-8894bc5cc135, 57, 4695, 10240, 74, 266.71, 1950, 9251, P2
2026-07-10T02:22:22,0, GPU-fcd97b9d-0c2b-3db7-6002-81a1e2c785ea, 0, 0, 10240, 37, 6.87, 210, 405, P8
2026-07-10T02:22:22,1, GPU-65b9a886-d157-27fa-09d1-8894bc5cc135, 53, 4695, 10240, 75, 266.65, 1950, 9251, P2
2026-07-10T02:22:23,0, GPU-fcd97b9d-0c2b-3db7-6002-81a1e2c785ea, 0, 0, 10240, 37, 6.93, 210, 405, P8
2026-07-10T02:22:23,1, GPU-65b9a886-d157-27fa-09d1-8894bc5cc135, 53, 4695, 10240, 75, 267.17, 1935, 9251, P2
2026-07-10T02:22:24,0, GPU-fcd97b9d-0c2b-3db7-6002-81a1e2c785ea, 0, 0, 10240, 37, 6.71, 210, 405, P8
2026-07-10T02:22:24,1, GPU-65b9a886-d157-27fa-09d1-8894bc5cc135, 56, 4695, 10240, 74, 266.73, 1950, 9251, P2
2026-07-10T02:22:25,0, GPU-fcd97b9d-0c2b-3db7-6002-81a1e2c785ea, 0, 0, 10240, 37, 6.71, 210, 405, P8
2026-07-10T02:22:25,1, GPU-65b9a886-d157-27fa-09d1-8894bc5cc135, 54, 4695, 10240, 75, 262.19, 1935, 9251, P2
2026-07-10T02:22:26,0, GPU-fcd97b9d-0c2b-3db7-6002-81a1e2c785ea, 0, 0, 10240, 37, 6.72, 210, 405, P8
2026-07-10T02:22:26,1, GPU-65b9a886-d157-27fa-09d1-8894bc5cc135, 63, 4695, 10240, 74, 269.55, 1935, 9251, P2
2026-07-10T02:22:27,0, GPU-fcd97b9d-0c2b-3db7-6002-81a1e2c785ea, 0, 0, 10240, 37, 6.89, 210, 405, P8
2026-07-10T02:22:27,1, GPU-65b9a886-d157-27fa-09d1-8894bc5cc135, 60, 4695, 10240, 74, 266.96, 1920, 9251, P2
2026-07-10T02:22:29,0, GPU-fcd97b9d-0c2b-3db7-6002-81a1e2c785ea, 0, 0, 10240, 37, 6.69, 210, 405, P8
2026-07-10T02:22:29,1, GPU-65b9a886-d157-27fa-09d1-8894bc5cc135, 63, 4695, 10240, 74, 264.16, 1935, 9251, P2
2026-07-10T02:22:30,0, GPU-fcd97b9d-0c2b-3db7-6002-81a1e2c785ea, 0, 0, 10240, 37, 6.63, 210, 405, P8
2026-07-10T02:22:30,1, GPU-65b9a886-d157-27fa-09d1-8894bc5cc135, 53, 4695, 10240, 72, 230.59, 1950, 9251, P2
2026-07-10T02:22:31,0, GPU-fcd97b9d-0c2b-3db7-6002-81a1e2c785ea, 0, 0, 10240, 37, 6.89, 210, 405, P8
2026-07-10T02:22:31,1, GPU-65b9a886-d157-27fa-09d1-8894bc5cc135, 50, 4695, 10240, 74, 258.08, 1950, 9251, P2
2026-07-10T02:22:32,0, GPU-fcd97b9d-0c2b-3db7-6002-81a1e2c785ea, 0, 0, 10240, 37, 6.80, 210, 405, P8
2026-07-10T02:22:32,1, GPU-65b9a886-d157-27fa-09d1-8894bc5cc135, 57, 4695, 10240, 74, 261.63, 1920, 9251, P2
2026-07-10T02:22:33,0, GPU-fcd97b9d-0c2b-3db7-6002-81a1e2c785ea, 0, 0, 10240, 37, 6.72, 210, 405, P8
2026-07-10T02:22:33,1, GPU-65b9a886-d157-27fa-09d1-8894bc5cc135, 58, 4695, 10240, 74, 258.55, 1935, 9251, P2
2026-07-10T02:22:34,0, GPU-fcd97b9d-0c2b-3db7-6002-81a1e2c785ea, 0, 0, 10240, 37, 6.85, 210, 405, P8
2026-07-10T02:22:34,1, GPU-65b9a886-d157-27fa-09d1-8894bc5cc135, 56, 4695, 10240, 74, 260.43, 1935, 9251, P2
2026-07-10T02:22:35,0, GPU-fcd97b9d-0c2b-3db7-6002-81a1e2c785ea, 0, 0, 10240, 37, 6.70, 210, 405, P8
2026-07-10T02:22:35,1, GPU-65b9a886-d157-27fa-09d1-8894bc5cc135, 54, 4695, 10240, 74, 259.48, 1950, 9251, P2
2026-07-10T02:22:36,0, GPU-fcd97b9d-0c2b-3db7-6002-81a1e2c785ea, 0, 0, 10240, 37, 6.69, 210, 405, P8
2026-07-10T02:22:36,1, GPU-65b9a886-d157-27fa-09d1-8894bc5cc135, 47, 4695, 10240, 74, 261.53, 1950, 9251, P2
2026-07-10T02:22:37,0, GPU-fcd97b9d-0c2b-3db7-6002-81a1e2c785ea, 0, 0, 10240, 37, 6.90, 210, 405, P8
2026-07-10T02:22:37,1, GPU-65b9a886-d157-27fa-09d1-8894bc5cc135, 55, 4695, 10240, 74, 261.03, 1935, 9251, P2
2026-07-10T02:22:38,0, GPU-fcd97b9d-0c2b-3db7-6002-81a1e2c785ea, 0, 0, 10240, 37, 6.79, 210, 405, P8
2026-07-10T02:22:38,1, GPU-65b9a886-d157-27fa-09d1-8894bc5cc135, 58, 4695, 10240, 74, 261.89, 1935, 9251, P2
2026-07-10T02:22:39,0, GPU-fcd97b9d-0c2b-3db7-6002-81a1e2c785ea, 0, 0, 10240, 37, 6.83, 210, 405, P8
2026-07-10T02:22:39,1, GPU-65b9a886-d157-27fa-09d1-8894bc5cc135, 55, 4695, 10240, 74, 260.88, 1935, 9251, P2
2026-07-10T02:22:40,0, GPU-fcd97b9d-0c2b-3db7-6002-81a1e2c785ea, 0, 0, 10240, 37, 7.00, 210, 405, P8
2026-07-10T02:22:40,1, GPU-65b9a886-d157-27fa-09d1-8894bc5cc135, 57, 4695, 10240, 74, 264.27, 1935, 9251, P2
2026-07-10T02:22:41,0, GPU-fcd97b9d-0c2b-3db7-6002-81a1e2c785ea, 0, 0, 10240, 37, 6.80, 210, 405, P8
2026-07-10T02:22:41,1, GPU-65b9a886-d157-27fa-09d1-8894bc5cc135, 58, 4695, 10240, 74, 264.30, 1950, 9251, P2
2026-07-10T02:22:42,0, GPU-fcd97b9d-0c2b-3db7-6002-81a1e2c785ea, 0, 0, 10240, 37, 6.76, 210, 405, P8
2026-07-10T02:22:42,1, GPU-65b9a886-d157-27fa-09d1-8894bc5cc135, 60, 4695, 10240, 74, 264.31, 1920, 9251, P2
2026-07-10T02:22:43,0, GPU-fcd97b9d-0c2b-3db7-6002-81a1e2c785ea, 0, 0, 10240, 37, 6.87, 210, 405, P8
2026-07-10T02:22:43,1, GPU-65b9a886-d157-27fa-09d1-8894bc5cc135, 64, 4695, 10240, 74, 265.17, 1950, 9251, P2
2026-07-10T02:22:44,0, GPU-fcd97b9d-0c2b-3db7-6002-81a1e2c785ea, 0, 0, 10240, 37, 6.63, 210, 405, P8
2026-07-10T02:22:44,1, GPU-65b9a886-d157-27fa-09d1-8894bc5cc135, 65, 4695, 10240, 74, 261.48, 1920, 9251, P2
2026-07-10T02:22:45,0, GPU-fcd97b9d-0c2b-3db7-6002-81a1e2c785ea, 0, 0, 10240, 37, 6.72, 210, 405, P8
2026-07-10T02:22:45,1, GPU-65b9a886-d157-27fa-09d1-8894bc5cc135, 46, 4695, 10240, 73, 262.83, 1950, 9251, P2
2026-07-10T02:22:46,0, GPU-fcd97b9d-0c2b-3db7-6002-81a1e2c785ea, 0, 0, 10240, 37, 6.61, 210, 405, P8
2026-07-10T02:22:46,1, GPU-65b9a886-d157-27fa-09d1-8894bc5cc135, 61, 4695, 10240, 74, 265.35, 1950, 9251, P2
2026-07-10T02:22:48,0, GPU-fcd97b9d-0c2b-3db7-6002-81a1e2c785ea, 0, 0, 10240, 37, 6.66, 210, 405, P8
2026-07-10T02:22:48,1, GPU-65b9a886-d157-27fa-09d1-8894bc5cc135, 52, 4695, 10240, 74, 264.52, 1935, 9251, P2
2026-07-10T02:22:49,0, GPU-fcd97b9d-0c2b-3db7-6002-81a1e2c785ea, 0, 0, 10240, 37, 6.87, 210, 405, P8
2026-07-10T02:22:49,1, GPU-65b9a886-d157-27fa-09d1-8894bc5cc135, 51, 4695, 10240, 75, 267.99, 1950, 9251, P2
2026-07-10T02:22:50,0, GPU-fcd97b9d-0c2b-3db7-6002-81a1e2c785ea, 0, 0, 10240, 37, 6.68, 210, 405, P8
2026-07-10T02:22:50,1, GPU-65b9a886-d157-27fa-09d1-8894bc5cc135, 59, 4695, 10240, 74, 265.83, 1935, 9251, P2
2026-07-10T02:22:51,0, GPU-fcd97b9d-0c2b-3db7-6002-81a1e2c785ea, 0, 0, 10240, 37, 6.57, 210, 405, P8
2026-07-10T02:22:51,1, GPU-65b9a886-d157-27fa-09d1-8894bc5cc135, 64, 4695, 10240, 75, 270.78, 1935, 9251, P2
2026-07-10T02:22:52,0, GPU-fcd97b9d-0c2b-3db7-6002-81a1e2c785ea, 0, 0, 10240, 37, 6.77, 210, 405, P8
2026-07-10T02:22:52,1, GPU-65b9a886-d157-27fa-09d1-8894bc5cc135, 56, 4695, 10240, 75, 268.71, 1935, 9251, P2
2026-07-10T02:22:53,0, GPU-fcd97b9d-0c2b-3db7-6002-81a1e2c785ea, 0, 0, 10240, 37, 6.69, 210, 405, P8
2026-07-10T02:22:53,1, GPU-65b9a886-d157-27fa-09d1-8894bc5cc135, 58, 4695, 10240, 74, 268.80, 1935, 9251, P2
2026-07-10T02:22:54,0, GPU-fcd97b9d-0c2b-3db7-6002-81a1e2c785ea, 0, 0, 10240, 37, 6.69, 210, 405, P8
2026-07-10T02:22:54,1, GPU-65b9a886-d157-27fa-09d1-8894bc5cc135, 65, 4695, 10240, 75, 269.47, 1920, 9251, P2
2026-07-10T02:22:55,0, GPU-fcd97b9d-0c2b-3db7-6002-81a1e2c785ea, 0, 0, 10240, 37, 6.82, 210, 405, P8
2026-07-10T02:22:55,1, GPU-65b9a886-d157-27fa-09d1-8894bc5cc135, 33, 4695, 10240, 72, 229.62, 1950, 9251, P2
2026-07-10T02:22:56,0, GPU-fcd97b9d-0c2b-3db7-6002-81a1e2c785ea, 0, 0, 10240, 37, 6.60, 210, 405, P8
2026-07-10T02:22:56,1, GPU-65b9a886-d157-27fa-09d1-8894bc5cc135, 62, 4695, 10240, 74, 252.70, 1950, 9251, P2
2026-07-10T02:22:57,0, GPU-fcd97b9d-0c2b-3db7-6002-81a1e2c785ea, 0, 0, 10240, 37, 6.65, 210, 405, P8
2026-07-10T02:22:57,1, GPU-65b9a886-d157-27fa-09d1-8894bc5cc135, 39, 4695, 10240, 73, 251.07, 1950, 9251, P2
2026-07-10T02:22:58,0, GPU-fcd97b9d-0c2b-3db7-6002-81a1e2c785ea, 0, 0, 10240, 37, 6.81, 210, 405, P8
2026-07-10T02:22:58,1, GPU-65b9a886-d157-27fa-09d1-8894bc5cc135, 41, 4695, 10240, 73, 251.91, 1950, 9251, P2
2026-07-10T02:22:59,0, GPU-fcd97b9d-0c2b-3db7-6002-81a1e2c785ea, 0, 0, 10240, 37, 6.58, 210, 405, P8
2026-07-10T02:22:59,1, GPU-65b9a886-d157-27fa-09d1-8894bc5cc135, 54, 4695, 10240, 74, 258.89, 1950, 9251, P2
2026-07-10T02:23:00,0, GPU-fcd97b9d-0c2b-3db7-6002-81a1e2c785ea, 0, 0, 10240, 37, 6.64, 210, 405, P8
2026-07-10T02:23:00,1, GPU-65b9a886-d157-27fa-09d1-8894bc5cc135, 46, 4695, 10240, 73, 253.53, 1950, 9251, P2
2026-07-10T02:23:01,0, GPU-fcd97b9d-0c2b-3db7-6002-81a1e2c785ea, 0, 0, 10240, 37, 6.80, 210, 405, P8
2026-07-10T02:23:01,1, GPU-65b9a886-d157-27fa-09d1-8894bc5cc135, 46, 4695, 10240, 73, 255.32, 1950, 9251, P2
2026-07-10T02:23:02,0, GPU-fcd97b9d-0c2b-3db7-6002-81a1e2c785ea, 0, 0, 10240, 37, 6.69, 210, 405, P8
2026-07-10T02:23:02,1, GPU-65b9a886-d157-27fa-09d1-8894bc5cc135, 61, 4695, 10240, 73, 258.67, 1920, 9251, P2
2026-07-10T02:23:03,0, GPU-fcd97b9d-0c2b-3db7-6002-81a1e2c785ea, 0, 0, 10240, 37, 6.88, 210, 405, P8
2026-07-10T02:23:03,1, GPU-65b9a886-d157-27fa-09d1-8894bc5cc135, 54, 4695, 10240, 75, 258.02, 1935, 9251, P2
2026-07-10T02:23:04,0, GPU-fcd97b9d-0c2b-3db7-6002-81a1e2c785ea, 0, 0, 10240, 37, 6.72, 210, 405, P8
2026-07-10T02:23:04,1, GPU-65b9a886-d157-27fa-09d1-8894bc5cc135, 58, 4695, 10240, 74, 258.22, 1950, 9251, P2
2026-07-10T02:23:05,0, GPU-fcd97b9d-0c2b-3db7-6002-81a1e2c785ea, 0, 0, 10240, 37, 6.78, 210, 405, P8
2026-07-10T02:23:05,1, GPU-65b9a886-d157-27fa-09d1-8894bc5cc135, 64, 4695, 10240, 74, 261.68, 1950, 9251, P2
2026-07-10T02:23:07,0, GPU-fcd97b9d-0c2b-3db7-6002-81a1e2c785ea, 0, 0, 10240, 37, 6.65, 210, 405, P8
2026-07-10T02:23:07,1, GPU-65b9a886-d157-27fa-09d1-8894bc5cc135, 45, 4695, 10240, 73, 257.89, 1950, 9251, P2
2026-07-10T02:23:08,0, GPU-fcd97b9d-0c2b-3db7-6002-81a1e2c785ea, 0, 0, 10240, 37, 6.72, 210, 405, P8
2026-07-10T02:23:08,1, GPU-65b9a886-d157-27fa-09d1-8894bc5cc135, 50, 4695, 10240, 74, 259.38, 1950, 9251, P2
2026-07-10T02:23:09,0, GPU-fcd97b9d-0c2b-3db7-6002-81a1e2c785ea, 0, 0, 10240, 37, 6.89, 210, 405, P8
2026-07-10T02:23:09,1, GPU-65b9a886-d157-27fa-09d1-8894bc5cc135, 51, 4695, 10240, 74, 261.57, 1935, 9251, P2
2026-07-10T02:23:10,0, GPU-fcd97b9d-0c2b-3db7-6002-81a1e2c785ea, 0, 0, 10240, 37, 6.78, 210, 405, P8
2026-07-10T02:23:10,1, GPU-65b9a886-d157-27fa-09d1-8894bc5cc135, 47, 4695, 10240, 73, 260.60, 1950, 9251, P2
2026-07-10T02:23:11,0, GPU-fcd97b9d-0c2b-3db7-6002-81a1e2c785ea, 0, 0, 10240, 37, 6.80, 210, 405, P8
2026-07-10T02:23:11,1, GPU-65b9a886-d157-27fa-09d1-8894bc5cc135, 49, 4695, 10240, 73, 257.66, 1950, 9251, P2
2026-07-10T02:23:12,0, GPU-fcd97b9d-0c2b-3db7-6002-81a1e2c785ea, 0, 0, 10240, 37, 7.02, 210, 405, P8
2026-07-10T02:23:12,1, GPU-65b9a886-d157-27fa-09d1-8894bc5cc135, 56, 4695, 10240, 74, 262.24, 1935, 9251, P2
2026-07-10T02:23:13,0, GPU-fcd97b9d-0c2b-3db7-6002-81a1e2c785ea, 0, 0, 10240, 37, 6.88, 210, 405, P8
2026-07-10T02:23:13,1, GPU-65b9a886-d157-27fa-09d1-8894bc5cc135, 50, 4695, 10240, 74, 261.20, 1935, 9251, P2
2026-07-10T02:23:14,0, GPU-fcd97b9d-0c2b-3db7-6002-81a1e2c785ea, 0, 0, 10240, 37, 6.85, 210, 405, P8
2026-07-10T02:23:14,1, GPU-65b9a886-d157-27fa-09d1-8894bc5cc135, 49, 4695, 10240, 73, 263.21, 1950, 9251, P2
2026-07-10T02:23:15,0, GPU-fcd97b9d-0c2b-3db7-6002-81a1e2c785ea, 0, 0, 10240, 37, 6.99, 210, 405, P8
2026-07-10T02:23:15,1, GPU-65b9a886-d157-27fa-09d1-8894bc5cc135, 54, 4695, 10240, 74, 261.28, 1950, 9251, P2
2026-07-10T02:23:16,0, GPU-fcd97b9d-0c2b-3db7-6002-81a1e2c785ea, 0, 0, 10240, 37, 6.88, 210, 405, P8
2026-07-10T02:23:16,1, GPU-65b9a886-d157-27fa-09d1-8894bc5cc135, 55, 4695, 10240, 74, 263.30, 1950, 9251, P2
2026-07-10T02:23:17,0, GPU-fcd97b9d-0c2b-3db7-6002-81a1e2c785ea, 0, 0, 10240, 37, 6.84, 210, 405, P8
2026-07-10T02:23:17,1, GPU-65b9a886-d157-27fa-09d1-8894bc5cc135, 22, 4501, 10240, 71, 255.51, 1950, 9251, P2
2026-07-10T02:23:18,0, GPU-fcd97b9d-0c2b-3db7-6002-81a1e2c785ea, 0, 0, 10240, 37, 6.84, 210, 405, P8
2026-07-10T02:23:18,1, GPU-65b9a886-d157-27fa-09d1-8894bc5cc135, 45, 4695, 10240, 73, 228.79, 1950, 9251, P2
2026-07-10T02:23:19,0, GPU-fcd97b9d-0c2b-3db7-6002-81a1e2c785ea, 0, 0, 10240, 37, 6.73, 210, 405, P8
2026-07-10T02:23:19,1, GPU-65b9a886-d157-27fa-09d1-8894bc5cc135, 42, 4695, 10240, 73, 253.96, 1950, 9251, P2
2026-07-10T02:23:20,0, GPU-fcd97b9d-0c2b-3db7-6002-81a1e2c785ea, 0, 0, 10240, 37, 6.92, 210, 405, P8
2026-07-10T02:23:20,1, GPU-65b9a886-d157-27fa-09d1-8894bc5cc135, 55, 4695, 10240, 73, 255.59, 1920, 9251, P2
2026-07-10T02:23:21,0, GPU-fcd97b9d-0c2b-3db7-6002-81a1e2c785ea, 0, 0, 10240, 37, 7.04, 210, 405, P8
2026-07-10T02:23:21,1, GPU-65b9a886-d157-27fa-09d1-8894bc5cc135, 41, 4695, 10240, 74, 255.26, 1935, 9251, P2
2026-07-10T02:23:22,0, GPU-fcd97b9d-0c2b-3db7-6002-81a1e2c785ea, 0, 0, 10240, 37, 6.70, 210, 405, P8
2026-07-10T02:23:22,1, GPU-65b9a886-d157-27fa-09d1-8894bc5cc135, 46, 4695, 10240, 73, 253.57, 1920, 9251, P2
2026-07-10T02:23:23,0, GPU-fcd97b9d-0c2b-3db7-6002-81a1e2c785ea, 0, 0, 10240, 37, 6.84, 210, 405, P8
2026-07-10T02:23:23,1, GPU-65b9a886-d157-27fa-09d1-8894bc5cc135, 56, 4695, 10240, 73, 257.72, 1935, 9251, P2
2026-07-10T02:23:24,0, GPU-fcd97b9d-0c2b-3db7-6002-81a1e2c785ea, 0, 0, 10240, 37, 6.69, 210, 405, P8
2026-07-10T02:23:24,1, GPU-65b9a886-d157-27fa-09d1-8894bc5cc135, 60, 4695, 10240, 73, 257.51, 1950, 9251, P2
2026-07-10T02:23:25,0, GPU-fcd97b9d-0c2b-3db7-6002-81a1e2c785ea, 0, 0, 10240, 37, 6.75, 210, 405, P8
2026-07-10T02:23:25,1, GPU-65b9a886-d157-27fa-09d1-8894bc5cc135, 47, 4695, 10240, 74, 254.78, 1935, 9251, P2
2026-07-10T02:23:27,0, GPU-fcd97b9d-0c2b-3db7-6002-81a1e2c785ea, 0, 0, 10240, 37, 7.05, 210, 405, P8
2026-07-10T02:23:27,1, GPU-65b9a886-d157-27fa-09d1-8894bc5cc135, 48, 4695, 10240, 74, 258.58, 1950, 9251, P2
2026-07-10T02:23:28,0, GPU-fcd97b9d-0c2b-3db7-6002-81a1e2c785ea, 0, 0, 10240, 37, 6.92, 210, 405, P8
2026-07-10T02:23:28,1, GPU-65b9a886-d157-27fa-09d1-8894bc5cc135, 51, 4695, 10240, 74, 259.06, 1920, 9251, P2
2026-07-10T02:23:29,0, GPU-fcd97b9d-0c2b-3db7-6002-81a1e2c785ea, 0, 0, 10240, 37, 6.92, 210, 405, P8
2026-07-10T02:23:29,1, GPU-65b9a886-d157-27fa-09d1-8894bc5cc135, 63, 4695, 10240, 73, 262.15, 1935, 9251, P2
2026-07-10T02:23:30,0, GPU-fcd97b9d-0c2b-3db7-6002-81a1e2c785ea, 0, 0, 10240, 37, 7.13, 210, 405, P8
2026-07-10T02:23:30,1, GPU-65b9a886-d157-27fa-09d1-8894bc5cc135, 58, 4695, 10240, 74, 261.92, 1950, 9251, P2
2026-07-10T02:23:31,0, GPU-fcd97b9d-0c2b-3db7-6002-81a1e2c785ea, 0, 0, 10240, 37, 6.98, 210, 405, P8
2026-07-10T02:23:31,1, GPU-65b9a886-d157-27fa-09d1-8894bc5cc135, 59, 4695, 10240, 74, 257.12, 1935, 9251, P2
2026-07-10T02:23:32,0, GPU-fcd97b9d-0c2b-3db7-6002-81a1e2c785ea, 0, 0, 10240, 37, 6.93, 210, 405, P8
2026-07-10T02:23:32,1, GPU-65b9a886-d157-27fa-09d1-8894bc5cc135, 62, 4695, 10240, 74, 261.72, 1935, 9251, P2
2026-07-10T02:23:33,0, GPU-fcd97b9d-0c2b-3db7-6002-81a1e2c785ea, 0, 0, 10240, 37, 7.03, 210, 405, P8
2026-07-10T02:23:33,1, GPU-65b9a886-d157-27fa-09d1-8894bc5cc135, 57, 4695, 10240, 73, 258.04, 1935, 9251, P2
2026-07-10T02:23:34,0, GPU-fcd97b9d-0c2b-3db7-6002-81a1e2c785ea, 0, 0, 10240, 37, 6.76, 210, 405, P8
2026-07-10T02:23:34,1, GPU-65b9a886-d157-27fa-09d1-8894bc5cc135, 51, 4695, 10240, 75, 261.19, 1935, 9251, P2
2026-07-10T02:23:35,0, GPU-fcd97b9d-0c2b-3db7-6002-81a1e2c785ea, 0, 0, 10240, 37, 6.70, 210, 405, P8
2026-07-10T02:23:35,1, GPU-65b9a886-d157-27fa-09d1-8894bc5cc135, 57, 4695, 10240, 74, 264.60, 1935, 9251, P2
2026-07-10T02:23:36,0, GPU-fcd97b9d-0c2b-3db7-6002-81a1e2c785ea, 0, 0, 10240, 37, 6.84, 210, 405, P8
2026-07-10T02:23:36,1, GPU-65b9a886-d157-27fa-09d1-8894bc5cc135, 52, 4695, 10240, 75, 262.45, 1935, 9251, P2
2026-07-10T02:23:37,0, GPU-fcd97b9d-0c2b-3db7-6002-81a1e2c785ea, 0, 0, 10240, 37, 6.61, 210, 405, P8
2026-07-10T02:23:37,1, GPU-65b9a886-d157-27fa-09d1-8894bc5cc135, 54, 4695, 10240, 74, 263.26, 1920, 9251, P2
2026-07-10T02:23:38,0, GPU-fcd97b9d-0c2b-3db7-6002-81a1e2c785ea, 0, 0, 10240, 37, 6.63, 210, 405, P8
2026-07-10T02:23:38,1, GPU-65b9a886-d157-27fa-09d1-8894bc5cc135, 50, 4695, 10240, 73, 263.78, 1950, 9251, P2
2026-07-10T02:23:39,0, GPU-fcd97b9d-0c2b-3db7-6002-81a1e2c785ea, 0, 0, 10240, 37, 6.97, 210, 405, P8
2026-07-10T02:23:39,1, GPU-65b9a886-d157-27fa-09d1-8894bc5cc135, 48, 4695, 10240, 74, 262.58, 1950, 9251, P2
2026-07-10T02:23:40,0, GPU-fcd97b9d-0c2b-3db7-6002-81a1e2c785ea, 0, 0, 10240, 37, 6.79, 210, 405, P8
2026-07-10T02:23:40,1, GPU-65b9a886-d157-27fa-09d1-8894bc5cc135, 60, 4695, 10240, 74, 264.90, 1950, 9251, P2
2026-07-10T02:23:41,0, GPU-fcd97b9d-0c2b-3db7-6002-81a1e2c785ea, 0, 0, 10240, 37, 6.75, 210, 405, P8
2026-07-10T02:23:41,1, GPU-65b9a886-d157-27fa-09d1-8894bc5cc135, 57, 4695, 10240, 74, 264.56, 1935, 9251, P2
2026-07-10T02:23:42,0, GPU-fcd97b9d-0c2b-3db7-6002-81a1e2c785ea, 0, 0, 10240, 37, 6.72, 210, 405, P8
2026-07-10T02:23:42,1, GPU-65b9a886-d157-27fa-09d1-8894bc5cc135, 52, 4695, 10240, 74, 264.30, 1935, 9251, P2
2026-07-10T02:23:43,0, GPU-fcd97b9d-0c2b-3db7-6002-81a1e2c785ea, 0, 0, 10240, 37, 6.62, 210, 405, P8
2026-07-10T02:23:43,1, GPU-65b9a886-d157-27fa-09d1-8894bc5cc135, 36, 4695, 10240, 71, 226.10, 1905, 9251, P2
2026-07-10T02:23:44,0, GPU-fcd97b9d-0c2b-3db7-6002-81a1e2c785ea, 0, 0, 10240, 37, 6.87, 210, 405, P8
2026-07-10T02:23:44,1, GPU-65b9a886-d157-27fa-09d1-8894bc5cc135, 49, 4695, 10240, 73, 250.11, 1935, 9251, P2
2026-07-10T02:23:45,0, GPU-fcd97b9d-0c2b-3db7-6002-81a1e2c785ea, 0, 0, 10240, 37, 6.89, 210, 405, P8
2026-07-10T02:23:45,1, GPU-65b9a886-d157-27fa-09d1-8894bc5cc135, 47, 4695, 10240, 73, 254.95, 1950, 9251, P2
2026-07-10T02:23:47,0, GPU-fcd97b9d-0c2b-3db7-6002-81a1e2c785ea, 0, 0, 10240, 37, 6.93, 210, 405, P8
2026-07-10T02:23:47,1, GPU-65b9a886-d157-27fa-09d1-8894bc5cc135, 58, 4695, 10240, 73, 256.27, 1905, 9251, P2
2026-07-10T02:23:48,0, GPU-fcd97b9d-0c2b-3db7-6002-81a1e2c785ea, 0, 0, 10240, 37, 6.83, 210, 405, P8
2026-07-10T02:23:48,1, GPU-65b9a886-d157-27fa-09d1-8894bc5cc135, 53, 4695, 10240, 74, 258.88, 1950, 9251, P2
2026-07-10T02:23:49,0, GPU-fcd97b9d-0c2b-3db7-6002-81a1e2c785ea, 0, 0, 10240, 37, 6.91, 210, 405, P8
2026-07-10T02:23:49,1, GPU-65b9a886-d157-27fa-09d1-8894bc5cc135, 44, 4695, 10240, 74, 257.07, 1950, 9251, P2
2026-07-10T02:23:50,0, GPU-fcd97b9d-0c2b-3db7-6002-81a1e2c785ea, 0, 0, 10240, 37, 7.05, 210, 405, P8
2026-07-10T02:23:50,1, GPU-65b9a886-d157-27fa-09d1-8894bc5cc135, 44, 4695, 10240, 73, 257.22, 1935, 9251, P2
2026-07-10T02:23:51,0, GPU-fcd97b9d-0c2b-3db7-6002-81a1e2c785ea, 0, 0, 10240, 37, 6.98, 210, 405, P8
2026-07-10T02:23:51,1, GPU-65b9a886-d157-27fa-09d1-8894bc5cc135, 55, 4695, 10240, 73, 257.17, 1920, 9251, P2
2026-07-10T02:23:52,0, GPU-fcd97b9d-0c2b-3db7-6002-81a1e2c785ea, 0, 0, 10240, 37, 6.97, 210, 405, P8
2026-07-10T02:23:52,1, GPU-65b9a886-d157-27fa-09d1-8894bc5cc135, 58, 4695, 10240, 75, 259.76, 1950, 9251, P2
2026-07-10T02:23:53,0, GPU-fcd97b9d-0c2b-3db7-6002-81a1e2c785ea, 0, 0, 10240, 37, 7.11, 210, 405, P8
2026-07-10T02:23:53,1, GPU-65b9a886-d157-27fa-09d1-8894bc5cc135, 64, 4695, 10240, 73, 254.77, 1935, 9251, P2
2026-07-10T02:23:54,0, GPU-fcd97b9d-0c2b-3db7-6002-81a1e2c785ea, 0, 0, 10240, 37, 6.99, 210, 405, P8
2026-07-10T02:23:54,1, GPU-65b9a886-d157-27fa-09d1-8894bc5cc135, 67, 4695, 10240, 74, 259.81, 1920, 9251, P2
2026-07-10T02:23:55,0, GPU-fcd97b9d-0c2b-3db7-6002-81a1e2c785ea, 0, 0, 10240, 37, 7.01, 210, 405, P8
2026-07-10T02:23:55,1, GPU-65b9a886-d157-27fa-09d1-8894bc5cc135, 50, 4695, 10240, 73, 260.05, 1935, 9251, P2
2026-07-10T02:23:56,0, GPU-fcd97b9d-0c2b-3db7-6002-81a1e2c785ea, 0, 0, 10240, 37, 7.09, 210, 405, P8
2026-07-10T02:23:56,1, GPU-65b9a886-d157-27fa-09d1-8894bc5cc135, 51, 4695, 10240, 74, 256.02, 1920, 9251, P2
2026-07-10T02:23:57,0, GPU-fcd97b9d-0c2b-3db7-6002-81a1e2c785ea, 0, 0, 10240, 37, 6.85, 210, 405, P8
2026-07-10T02:23:57,1, GPU-65b9a886-d157-27fa-09d1-8894bc5cc135, 42, 4695, 10240, 74, 259.82, 1950, 9251, P2
2026-07-10T02:23:58,0, GPU-fcd97b9d-0c2b-3db7-6002-81a1e2c785ea, 0, 0, 10240, 37, 6.83, 210, 405, P8
2026-07-10T02:23:58,1, GPU-65b9a886-d157-27fa-09d1-8894bc5cc135, 56, 4695, 10240, 74, 258.76, 1935, 9251, P2
2026-07-10T02:23:59,0, GPU-fcd97b9d-0c2b-3db7-6002-81a1e2c785ea, 0, 0, 10240, 37, 6.97, 210, 405, P8
2026-07-10T02:23:59,1, GPU-65b9a886-d157-27fa-09d1-8894bc5cc135, 62, 4695, 10240, 73, 261.35, 1950, 9251, P2
2026-07-10T02:24:00,0, GPU-fcd97b9d-0c2b-3db7-6002-81a1e2c785ea, 0, 0, 10240, 37, 6.77, 210, 405, P8
2026-07-10T02:24:00,1, GPU-65b9a886-d157-27fa-09d1-8894bc5cc135, 50, 4695, 10240, 74, 257.86, 1950, 9251, P2
2026-07-10T02:24:01,0, GPU-fcd97b9d-0c2b-3db7-6002-81a1e2c785ea, 0, 0, 10240, 37, 6.70, 210, 405, P8
2026-07-10T02:24:01,1, GPU-65b9a886-d157-27fa-09d1-8894bc5cc135, 63, 4695, 10240, 74, 265.08, 1935, 9251, P2
2026-07-10T02:24:02,0, GPU-fcd97b9d-0c2b-3db7-6002-81a1e2c785ea, 0, 0, 10240, 37, 6.60, 210, 405, P8
2026-07-10T02:24:02,1, GPU-65b9a886-d157-27fa-09d1-8894bc5cc135, 51, 4695, 10240, 74, 264.44, 1935, 9251, P2
2026-07-10T02:24:03,0, GPU-fcd97b9d-0c2b-3db7-6002-81a1e2c785ea, 0, 0, 10240, 37, 6.56, 210, 405, P8
2026-07-10T02:24:03,1, GPU-65b9a886-d157-27fa-09d1-8894bc5cc135, 56, 4695, 10240, 75, 264.44, 1935, 9251, P2
2026-07-10T02:24:04,0, GPU-fcd97b9d-0c2b-3db7-6002-81a1e2c785ea, 0, 0, 10240, 37, 6.72, 210, 405, P8
2026-07-10T02:24:04,1, GPU-65b9a886-d157-27fa-09d1-8894bc5cc135, 52, 4695, 10240, 74, 262.26, 1950, 9251, P2
2026-07-10T02:24:05,0, GPU-fcd97b9d-0c2b-3db7-6002-81a1e2c785ea, 0, 0, 10240, 37, 6.59, 210, 405, P8
2026-07-10T02:24:05,1, GPU-65b9a886-d157-27fa-09d1-8894bc5cc135, 52, 4695, 10240, 74, 261.88, 1935, 9251, P2
2026-07-10T02:24:07,0, GPU-fcd97b9d-0c2b-3db7-6002-81a1e2c785ea, 0, 0, 10240, 37, 6.66, 210, 405, P8
2026-07-10T02:24:07,1, GPU-65b9a886-d157-27fa-09d1-8894bc5cc135, 56, 4695, 10240, 74, 265.40, 1935, 9251, P2
2026-07-10T02:24:08,0, GPU-fcd97b9d-0c2b-3db7-6002-81a1e2c785ea, 0, 0, 10240, 37, 6.86, 210, 405, P8
2026-07-10T02:24:08,1, GPU-65b9a886-d157-27fa-09d1-8894bc5cc135, 54, 4695, 10240, 75, 264.19, 1920, 9251, P2
2026-07-10T02:24:09,0, GPU-fcd97b9d-0c2b-3db7-6002-81a1e2c785ea, 0, 0, 10240, 37, 6.55, 210, 405, P8
2026-07-10T02:24:09,1, GPU-65b9a886-d157-27fa-09d1-8894bc5cc135, 41, 4695, 10240, 71, 229.17, 1935, 9251, P2
2026-07-10T02:24:10,0, GPU-fcd97b9d-0c2b-3db7-6002-81a1e2c785ea, 0, 0, 10240, 37, 6.51, 210, 405, P8
2026-07-10T02:24:10,1, GPU-65b9a886-d157-27fa-09d1-8894bc5cc135, 42, 4695, 10240, 72, 245.24, 1950, 9251, P2
2026-07-10T02:24:11,0, GPU-fcd97b9d-0c2b-3db7-6002-81a1e2c785ea, 0, 0, 10240, 37, 6.86, 210, 405, P8
2026-07-10T02:24:11,1, GPU-65b9a886-d157-27fa-09d1-8894bc5cc135, 55, 4695, 10240, 73, 254.92, 1920, 9251, P2
2026-07-10T02:24:12,0, GPU-fcd97b9d-0c2b-3db7-6002-81a1e2c785ea, 0, 0, 10240, 37, 6.74, 210, 405, P8
2026-07-10T02:24:12,1, GPU-65b9a886-d157-27fa-09d1-8894bc5cc135, 54, 4695, 10240, 73, 257.24, 1950, 9251, P2
2026-07-10T02:24:13,0, GPU-fcd97b9d-0c2b-3db7-6002-81a1e2c785ea, 0, 0, 10240, 37, 6.70, 210, 405, P8
2026-07-10T02:24:13,1, GPU-65b9a886-d157-27fa-09d1-8894bc5cc135, 52, 4695, 10240, 73, 256.00, 1935, 9251, P2
2026-07-10T02:24:14,0, GPU-fcd97b9d-0c2b-3db7-6002-81a1e2c785ea, 0, 0, 10240, 37, 6.89, 210, 405, P8
2026-07-10T02:24:14,1, GPU-65b9a886-d157-27fa-09d1-8894bc5cc135, 55, 4695, 10240, 74, 257.26, 1950, 9251, P2
2026-07-10T02:24:15,0, GPU-fcd97b9d-0c2b-3db7-6002-81a1e2c785ea, 0, 0, 10240, 37, 6.75, 210, 405, P8
2026-07-10T02:24:15,1, GPU-65b9a886-d157-27fa-09d1-8894bc5cc135, 50, 4695, 10240, 74, 258.16, 1950, 9251, P2
2026-07-10T02:24:16,0, GPU-fcd97b9d-0c2b-3db7-6002-81a1e2c785ea, 0, 0, 10240, 37, 6.68, 210, 405, P8
2026-07-10T02:24:16,1, GPU-65b9a886-d157-27fa-09d1-8894bc5cc135, 51, 4695, 10240, 73, 254.88, 1950, 9251, P2
2026-07-10T02:24:17,0, GPU-fcd97b9d-0c2b-3db7-6002-81a1e2c785ea, 0, 0, 10240, 37, 6.81, 210, 405, P8
2026-07-10T02:24:17,1, GPU-65b9a886-d157-27fa-09d1-8894bc5cc135, 47, 4695, 10240, 74, 258.93, 1935, 9251, P2
2026-07-10T02:24:18,0, GPU-fcd97b9d-0c2b-3db7-6002-81a1e2c785ea, 0, 0, 10240, 37, 6.68, 210, 405, P8
2026-07-10T02:24:18,1, GPU-65b9a886-d157-27fa-09d1-8894bc5cc135, 52, 4695, 10240, 74, 259.96, 1935, 9251, P2
2026-07-10T02:24:19,0, GPU-fcd97b9d-0c2b-3db7-6002-81a1e2c785ea, 0, 0, 10240, 37, 6.73, 210, 405, P8
2026-07-10T02:24:19,1, GPU-65b9a886-d157-27fa-09d1-8894bc5cc135, 63, 4695, 10240, 74, 258.92, 1920, 9251, P2
2026-07-10T02:24:20,0, GPU-fcd97b9d-0c2b-3db7-6002-81a1e2c785ea, 0, 0, 10240, 37, 6.85, 210, 405, P8
2026-07-10T02:24:20,1, GPU-65b9a886-d157-27fa-09d1-8894bc5cc135, 62, 4695, 10240, 73, 256.35, 1950, 9251, P2
2026-07-10T02:24:21,0, GPU-fcd97b9d-0c2b-3db7-6002-81a1e2c785ea, 0, 0, 10240, 37, 6.69, 210, 405, P8
2026-07-10T02:24:21,1, GPU-65b9a886-d157-27fa-09d1-8894bc5cc135, 62, 4695, 10240, 74, 262.95, 1950, 9251, P2
2026-07-10T02:24:22,0, GPU-fcd97b9d-0c2b-3db7-6002-81a1e2c785ea, 0, 0, 10240, 37, 6.86, 210, 405, P8
2026-07-10T02:24:22,1, GPU-65b9a886-d157-27fa-09d1-8894bc5cc135, 54, 4695, 10240, 74, 255.73, 1935, 9251, P2
2026-07-10T02:24:23,0, GPU-fcd97b9d-0c2b-3db7-6002-81a1e2c785ea, 0, 0, 10240, 37, 6.71, 210, 405, P8
2026-07-10T02:24:23,1, GPU-65b9a886-d157-27fa-09d1-8894bc5cc135, 58, 4695, 10240, 74, 259.04, 1950, 9251, P2
2026-07-10T02:24:24,0, GPU-fcd97b9d-0c2b-3db7-6002-81a1e2c785ea, 0, 0, 10240, 37, 6.74, 210, 405, P8
2026-07-10T02:24:24,1, GPU-65b9a886-d157-27fa-09d1-8894bc5cc135, 55, 4695, 10240, 74, 263.17, 1920, 9251, P2
2026-07-10T02:24:26,0, GPU-fcd97b9d-0c2b-3db7-6002-81a1e2c785ea, 0, 0, 10240, 37, 6.96, 210, 405, P8
2026-07-10T02:24:26,1, GPU-65b9a886-d157-27fa-09d1-8894bc5cc135, 54, 4695, 10240, 75, 261.68, 1935, 9251, P2
2026-07-10T02:24:27,0, GPU-fcd97b9d-0c2b-3db7-6002-81a1e2c785ea, 0, 0, 10240, 37, 6.78, 210, 405, P8
2026-07-10T02:24:27,1, GPU-65b9a886-d157-27fa-09d1-8894bc5cc135, 65, 4695, 10240, 74, 262.09, 1935, 9251, P2
2026-07-10T02:24:28,0, GPU-fcd97b9d-0c2b-3db7-6002-81a1e2c785ea, 0, 0, 10240, 37, 6.78, 210, 405, P8
2026-07-10T02:24:28,1, GPU-65b9a886-d157-27fa-09d1-8894bc5cc135, 58, 4695, 10240, 73, 260.67, 1935, 9251, P2
2026-07-10T02:24:29,0, GPU-fcd97b9d-0c2b-3db7-6002-81a1e2c785ea, 0, 0, 10240, 37, 6.84, 210, 405, P8
2026-07-10T02:24:29,1, GPU-65b9a886-d157-27fa-09d1-8894bc5cc135, 50, 4695, 10240, 74, 261.16, 1950, 9251, P2
2026-07-10T02:24:30,0, GPU-fcd97b9d-0c2b-3db7-6002-81a1e2c785ea, 0, 0, 10240, 37, 6.98, 210, 405, P8
2026-07-10T02:24:30,1, GPU-65b9a886-d157-27fa-09d1-8894bc5cc135, 49, 4695, 10240, 74, 262.75, 1935, 9251, P2
2026-07-10T02:24:31,0, GPU-fcd97b9d-0c2b-3db7-6002-81a1e2c785ea, 0, 0, 10240, 37, 7.16, 210, 405, P8
2026-07-10T02:24:31,1, GPU-65b9a886-d157-27fa-09d1-8894bc5cc135, 54, 4695, 10240, 74, 261.78, 1950, 9251, P2
2026-07-10T02:24:32,0, GPU-fcd97b9d-0c2b-3db7-6002-81a1e2c785ea, 0, 0, 10240, 37, 6.94, 210, 405, P8
2026-07-10T02:24:32,1, GPU-65b9a886-d157-27fa-09d1-8894bc5cc135, 52, 4695, 10240, 75, 267.86, 1935, 9251, P2
2026-07-10T02:24:33,0, GPU-fcd97b9d-0c2b-3db7-6002-81a1e2c785ea, 0, 0, 10240, 37, 6.88, 210, 405, P8
2026-07-10T02:24:33,1, GPU-65b9a886-d157-27fa-09d1-8894bc5cc135, 36, 4501, 10240, 72, 260.65, 1950, 9251, P2
2026-07-10T02:24:34,0, GPU-fcd97b9d-0c2b-3db7-6002-81a1e2c785ea, 0, 0, 10240, 37, 6.91, 210, 405, P8
2026-07-10T02:24:34,1, GPU-65b9a886-d157-27fa-09d1-8894bc5cc135, 44, 4697, 10240, 72, 224.25, 1950, 9251, P2
2026-07-10T02:24:35,0, GPU-fcd97b9d-0c2b-3db7-6002-81a1e2c785ea, 0, 0, 10240, 37, 6.80, 210, 405, P8
2026-07-10T02:24:35,1, GPU-65b9a886-d157-27fa-09d1-8894bc5cc135, 59, 4697, 10240, 74, 253.37, 1950, 9251, P2
2026-07-10T02:24:36,0, GPU-fcd97b9d-0c2b-3db7-6002-81a1e2c785ea, 0, 0, 10240, 37, 6.98, 210, 405, P8
2026-07-10T02:24:36,1, GPU-65b9a886-d157-27fa-09d1-8894bc5cc135, 43, 4697, 10240, 73, 248.92, 1950, 9251, P2
2026-07-10T02:24:37,0, GPU-fcd97b9d-0c2b-3db7-6002-81a1e2c785ea, 0, 0, 10240, 37, 7.16, 210, 405, P8
2026-07-10T02:24:37,1, GPU-65b9a886-d157-27fa-09d1-8894bc5cc135, 42, 4697, 10240, 73, 250.51, 1950, 9251, P2
2026-07-10T02:24:38,0, GPU-fcd97b9d-0c2b-3db7-6002-81a1e2c785ea, 0, 0, 10240, 37, 6.90, 210, 405, P8
2026-07-10T02:24:38,1, GPU-65b9a886-d157-27fa-09d1-8894bc5cc135, 44, 4697, 10240, 73, 254.07, 1950, 9251, P2
2026-07-10T02:24:39,0, GPU-fcd97b9d-0c2b-3db7-6002-81a1e2c785ea, 0, 0, 10240, 37, 6.83, 210, 405, P8
2026-07-10T02:24:39,1, GPU-65b9a886-d157-27fa-09d1-8894bc5cc135, 54, 4697, 10240, 74, 251.54, 1935, 9251, P2
2026-07-10T02:24:40,0, GPU-fcd97b9d-0c2b-3db7-6002-81a1e2c785ea, 0, 0, 10240, 37, 6.93, 210, 405, P8
2026-07-10T02:24:40,1, GPU-65b9a886-d157-27fa-09d1-8894bc5cc135, 51, 4697, 10240, 73, 252.93, 1950, 9251, P2
2026-07-10T02:24:41,0, GPU-fcd97b9d-0c2b-3db7-6002-81a1e2c785ea, 0, 0, 10240, 37, 6.88, 210, 405, P8
2026-07-10T02:24:41,1, GPU-65b9a886-d157-27fa-09d1-8894bc5cc135, 41, 4697, 10240, 73, 256.03, 1935, 9251, P2
2026-07-10T02:24:42,0, GPU-fcd97b9d-0c2b-3db7-6002-81a1e2c785ea, 0, 0, 10240, 37, 7.20, 210, 405, P8
2026-07-10T02:24:42,1, GPU-65b9a886-d157-27fa-09d1-8894bc5cc135, 63, 4697, 10240, 74, 256.35, 1935, 9251, P2
2026-07-10T02:24:43,0, GPU-fcd97b9d-0c2b-3db7-6002-81a1e2c785ea, 0, 0, 10240, 37, 7.11, 210, 405, P8
2026-07-10T02:24:43,1, GPU-65b9a886-d157-27fa-09d1-8894bc5cc135, 51, 4697, 10240, 73, 256.08, 1950, 9251, P2
2026-07-10T02:24:44,0, GPU-fcd97b9d-0c2b-3db7-6002-81a1e2c785ea, 0, 0, 10240, 37, 7.06, 210, 405, P8
2026-07-10T02:24:44,1, GPU-65b9a886-d157-27fa-09d1-8894bc5cc135, 49, 4697, 10240, 74, 257.10, 1950, 9251, P2
2026-07-10T02:24:46,0, GPU-fcd97b9d-0c2b-3db7-6002-81a1e2c785ea, 0, 0, 10240, 37, 7.22, 210, 405, P8
2026-07-10T02:24:46,1, GPU-65b9a886-d157-27fa-09d1-8894bc5cc135, 72, 4697, 10240, 73, 260.69, 1920, 9251, P2
2026-07-10T02:24:47,0, GPU-fcd97b9d-0c2b-3db7-6002-81a1e2c785ea, 0, 0, 10240, 37, 7.05, 210, 405, P8
2026-07-10T02:24:47,1, GPU-65b9a886-d157-27fa-09d1-8894bc5cc135, 53, 4697, 10240, 74, 257.27, 1950, 9251, P2
2026-07-10T02:24:48,0, GPU-fcd97b9d-0c2b-3db7-6002-81a1e2c785ea, 0, 0, 10240, 37, 7.05, 210, 405, P8
2026-07-10T02:24:48,1, GPU-65b9a886-d157-27fa-09d1-8894bc5cc135, 50, 4697, 10240, 74, 259.46, 1950, 9251, P2
2026-07-10T02:24:49,0, GPU-fcd97b9d-0c2b-3db7-6002-81a1e2c785ea, 0, 0, 10240, 37, 7.22, 210, 405, P8
2026-07-10T02:24:49,1, GPU-65b9a886-d157-27fa-09d1-8894bc5cc135, 50, 4697, 10240, 74, 258.58, 1950, 9251, P2
2026-07-10T02:24:50,0, GPU-fcd97b9d-0c2b-3db7-6002-81a1e2c785ea, 0, 0, 10240, 37, 7.03, 210, 405, P8
2026-07-10T02:24:50,1, GPU-65b9a886-d157-27fa-09d1-8894bc5cc135, 41, 4697, 10240, 73, 257.59, 1950, 9251, P2
2026-07-10T02:24:51,0, GPU-fcd97b9d-0c2b-3db7-6002-81a1e2c785ea, 0, 0, 10240, 37, 6.99, 210, 405, P8
2026-07-10T02:24:51,1, GPU-65b9a886-d157-27fa-09d1-8894bc5cc135, 46, 4697, 10240, 73, 258.69, 1905, 9251, P2
2026-07-10T02:24:52,0, GPU-fcd97b9d-0c2b-3db7-6002-81a1e2c785ea, 0, 0, 10240, 37, 7.15, 210, 405, P8
2026-07-10T02:24:52,1, GPU-65b9a886-d157-27fa-09d1-8894bc5cc135, 49, 4697, 10240, 73, 262.99, 1920, 9251, P2
2026-07-10T02:24:53,0, GPU-fcd97b9d-0c2b-3db7-6002-81a1e2c785ea, 0, 0, 10240, 37, 6.96, 210, 405, P8
2026-07-10T02:24:53,1, GPU-65b9a886-d157-27fa-09d1-8894bc5cc135, 50, 4697, 10240, 74, 258.18, 1950, 9251, P2
2026-07-10T02:24:54,0, GPU-fcd97b9d-0c2b-3db7-6002-81a1e2c785ea, 0, 0, 10240, 37, 6.89, 210, 405, P8
2026-07-10T02:24:54,1, GPU-65b9a886-d157-27fa-09d1-8894bc5cc135, 50, 4697, 10240, 74, 259.63, 1950, 9251, P2
2026-07-10T02:24:55,0, GPU-fcd97b9d-0c2b-3db7-6002-81a1e2c785ea, 0, 0, 10240, 37, 7.10, 210, 405, P8
2026-07-10T02:24:55,1, GPU-65b9a886-d157-27fa-09d1-8894bc5cc135, 43, 4697, 10240, 73, 261.56, 1950, 9251, P2
2026-07-10T02:24:56,0, GPU-fcd97b9d-0c2b-3db7-6002-81a1e2c785ea, 0, 0, 10240, 37, 7.03, 210, 405, P8
2026-07-10T02:24:56,1, GPU-65b9a886-d157-27fa-09d1-8894bc5cc135, 53, 4697, 10240, 73, 263.17, 1935, 9251, P2
2026-07-10T02:24:57,0, GPU-fcd97b9d-0c2b-3db7-6002-81a1e2c785ea, 0, 0, 10240, 37, 6.92, 210, 405, P8
2026-07-10T02:24:57,1, GPU-65b9a886-d157-27fa-09d1-8894bc5cc135, 40, 4697, 10240, 72, 223.63, 1950, 9251, P2
2026-07-10T02:24:58,0, GPU-fcd97b9d-0c2b-3db7-6002-81a1e2c785ea, 0, 0, 10240, 37, 6.99, 210, 405, P8
2026-07-10T02:24:58,1, GPU-65b9a886-d157-27fa-09d1-8894bc5cc135, 43, 4697, 10240, 72, 245.18, 1950, 9251, P2
2026-07-10T02:24:59,0, GPU-fcd97b9d-0c2b-3db7-6002-81a1e2c785ea, 0, 0, 10240, 37, 6.90, 210, 405, P8
2026-07-10T02:24:59,1, GPU-65b9a886-d157-27fa-09d1-8894bc5cc135, 48, 4697, 10240, 74, 252.52, 1950, 9251, P2
2026-07-10T02:25:00,0, GPU-fcd97b9d-0c2b-3db7-6002-81a1e2c785ea, 0, 0, 10240, 37, 7.04, 210, 405, P8
2026-07-10T02:25:00,1, GPU-65b9a886-d157-27fa-09d1-8894bc5cc135, 41, 4697, 10240, 73, 249.71, 1950, 9251, P2
2026-07-10T02:25:01,0, GPU-fcd97b9d-0c2b-3db7-6002-81a1e2c785ea, 0, 0, 10240, 37, 6.85, 210, 405, P8
2026-07-10T02:25:01,1, GPU-65b9a886-d157-27fa-09d1-8894bc5cc135, 43, 4697, 10240, 73, 255.70, 1950, 9251, P2
2026-07-10T02:25:02,0, GPU-fcd97b9d-0c2b-3db7-6002-81a1e2c785ea, 0, 0, 10240, 37, 6.82, 210, 405, P8
2026-07-10T02:25:02,1, GPU-65b9a886-d157-27fa-09d1-8894bc5cc135, 44, 4697, 10240, 74, 253.61, 1935, 9251, P2
2026-07-10T02:25:03,0, GPU-fcd97b9d-0c2b-3db7-6002-81a1e2c785ea, 0, 0, 10240, 37, 6.99, 210, 405, P8
2026-07-10T02:25:03,1, GPU-65b9a886-d157-27fa-09d1-8894bc5cc135, 69, 4697, 10240, 73, 257.00, 1935, 9251, P2
2026-07-10T02:25:04,0, GPU-fcd97b9d-0c2b-3db7-6002-81a1e2c785ea, 0, 0, 10240, 37, 6.80, 210, 405, P8
2026-07-10T02:25:04,1, GPU-65b9a886-d157-27fa-09d1-8894bc5cc135, 46, 4697, 10240, 73, 253.39, 1950, 9251, P2
2026-07-10T02:25:06,0, GPU-fcd97b9d-0c2b-3db7-6002-81a1e2c785ea, 0, 0, 10240, 37, 6.93, 210, 405, P8
2026-07-10T02:25:06,1, GPU-65b9a886-d157-27fa-09d1-8894bc5cc135, 52, 4697, 10240, 74, 256.74, 1935, 9251, P2
2026-07-10T02:25:07,0, GPU-fcd97b9d-0c2b-3db7-6002-81a1e2c785ea, 0, 0, 10240, 37, 7.23, 210, 405, P8
2026-07-10T02:25:07,1, GPU-65b9a886-d157-27fa-09d1-8894bc5cc135, 69, 4697, 10240, 74, 259.23, 1920, 9251, P2
2026-07-10T02:25:08,0, GPU-fcd97b9d-0c2b-3db7-6002-81a1e2c785ea, 0, 0, 10240, 37, 7.05, 210, 405, P8
2026-07-10T02:25:08,1, GPU-65b9a886-d157-27fa-09d1-8894bc5cc135, 45, 4697, 10240, 73, 250.37, 1950, 9251, P2
2026-07-10T02:25:09,0, GPU-fcd97b9d-0c2b-3db7-6002-81a1e2c785ea, 0, 0, 10240, 37, 7.02, 210, 405, P8
2026-07-10T02:25:09,1, GPU-65b9a886-d157-27fa-09d1-8894bc5cc135, 49, 4697, 10240, 73, 257.03, 1935, 9251, P2
2026-07-10T02:25:10,0, GPU-fcd97b9d-0c2b-3db7-6002-81a1e2c785ea, 0, 0, 10240, 37, 7.00, 210, 405, P8
2026-07-10T02:25:10,1, GPU-65b9a886-d157-27fa-09d1-8894bc5cc135, 57, 4697, 10240, 74, 259.20, 1935, 9251, P2
2026-07-10T02:25:11,0, GPU-fcd97b9d-0c2b-3db7-6002-81a1e2c785ea, 0, 0, 10240, 37, 7.05, 210, 405, P8
2026-07-10T02:25:11,1, GPU-65b9a886-d157-27fa-09d1-8894bc5cc135, 48, 4697, 10240, 73, 257.95, 1950, 9251, P2
2026-07-10T02:25:12,0, GPU-fcd97b9d-0c2b-3db7-6002-81a1e2c785ea, 0, 0, 10240, 37, 7.15, 210, 405, P8
2026-07-10T02:25:12,1, GPU-65b9a886-d157-27fa-09d1-8894bc5cc135, 71, 4697, 10240, 74, 260.81, 1935, 9251, P2
2026-07-10T02:25:13,0, GPU-fcd97b9d-0c2b-3db7-6002-81a1e2c785ea, 0, 0, 10240, 37, 6.98, 210, 405, P8
2026-07-10T02:25:13,1, GPU-65b9a886-d157-27fa-09d1-8894bc5cc135, 45, 4697, 10240, 74, 260.08, 1935, 9251, P2
2026-07-10T02:25:14,0, GPU-fcd97b9d-0c2b-3db7-6002-81a1e2c785ea, 0, 0, 10240, 37, 7.02, 210, 405, P8
2026-07-10T02:25:14,1, GPU-65b9a886-d157-27fa-09d1-8894bc5cc135, 47, 4697, 10240, 74, 261.73, 1950, 9251, P2
2026-07-10T02:25:15,0, GPU-fcd97b9d-0c2b-3db7-6002-81a1e2c785ea, 0, 0, 10240, 37, 7.07, 210, 405, P8
2026-07-10T02:25:15,1, GPU-65b9a886-d157-27fa-09d1-8894bc5cc135, 52, 4697, 10240, 74, 261.59, 1950, 9251, P2
2026-07-10T02:25:16,0, GPU-fcd97b9d-0c2b-3db7-6002-81a1e2c785ea, 0, 0, 10240, 37, 6.85, 210, 405, P8
2026-07-10T02:25:16,1, GPU-65b9a886-d157-27fa-09d1-8894bc5cc135, 52, 4697, 10240, 74, 261.52, 1950, 9251, P2
2026-07-10T02:25:17,0, GPU-fcd97b9d-0c2b-3db7-6002-81a1e2c785ea, 0, 0, 10240, 37, 6.89, 210, 405, P8
2026-07-10T02:25:17,1, GPU-65b9a886-d157-27fa-09d1-8894bc5cc135, 53, 4697, 10240, 74, 259.93, 1950, 9251, P2
2026-07-10T02:25:18,0, GPU-fcd97b9d-0c2b-3db7-6002-81a1e2c785ea, 0, 0, 10240, 37, 7.01, 210, 405, P8
2026-07-10T02:25:18,1, GPU-65b9a886-d157-27fa-09d1-8894bc5cc135, 48, 4697, 10240, 73, 261.35, 1935, 9251, P2
2026-07-10T02:25:19,0, GPU-fcd97b9d-0c2b-3db7-6002-81a1e2c785ea, 0, 0, 10240, 37, 6.86, 210, 405, P8
2026-07-10T02:25:19,1, GPU-65b9a886-d157-27fa-09d1-8894bc5cc135, 46, 4587, 10240, 71, 231.97, 1950, 9251, P2
2026-07-10T02:25:20,0, GPU-fcd97b9d-0c2b-3db7-6002-81a1e2c785ea, 0, 0, 10240, 37, 6.93, 210, 405, P8
2026-07-10T02:25:20,1, GPU-65b9a886-d157-27fa-09d1-8894bc5cc135, 49, 4697, 10240, 73, 245.01, 1950, 9251, P2
2026-07-10T02:25:21,0, GPU-fcd97b9d-0c2b-3db7-6002-81a1e2c785ea, 0, 0, 10240, 37, 6.90, 210, 405, P8
2026-07-10T02:25:21,1, GPU-65b9a886-d157-27fa-09d1-8894bc5cc135, 64, 4697, 10240, 72, 253.00, 1935, 9251, P2
2026-07-10T02:25:22,0, GPU-fcd97b9d-0c2b-3db7-6002-81a1e2c785ea, 0, 0, 10240, 37, 7.00, 210, 405, P8
2026-07-10T02:25:22,1, GPU-65b9a886-d157-27fa-09d1-8894bc5cc135, 38, 4697, 10240, 72, 252.65, 1950, 9251, P2
2026-07-10T02:25:23,0, GPU-fcd97b9d-0c2b-3db7-6002-81a1e2c785ea, 0, 0, 10240, 37, 7.21, 210, 405, P8
2026-07-10T02:25:23,1, GPU-65b9a886-d157-27fa-09d1-8894bc5cc135, 42, 4697, 10240, 72, 252.55, 1950, 9251, P2
2026-07-10T02:25:25,0, GPU-fcd97b9d-0c2b-3db7-6002-81a1e2c785ea, 0, 0, 10240, 37, 7.00, 210, 405, P8
2026-07-10T02:25:25,1, GPU-65b9a886-d157-27fa-09d1-8894bc5cc135, 48, 4697, 10240, 73, 251.75, 1950, 9251, P2
2026-07-10T02:25:26,0, GPU-fcd97b9d-0c2b-3db7-6002-81a1e2c785ea, 0, 0, 10240, 37, 6.93, 210, 405, P8
2026-07-10T02:25:26,1, GPU-65b9a886-d157-27fa-09d1-8894bc5cc135, 59, 4697, 10240, 74, 253.34, 1920, 9251, P2
2026-07-10T02:25:27,0, GPU-fcd97b9d-0c2b-3db7-6002-81a1e2c785ea, 0, 0, 10240, 37, 7.02, 210, 405, P8
2026-07-10T02:25:27,1, GPU-65b9a886-d157-27fa-09d1-8894bc5cc135, 46, 4697, 10240, 73, 253.16, 1950, 9251, P2
2026-07-10T02:25:28,0, GPU-fcd97b9d-0c2b-3db7-6002-81a1e2c785ea, 0, 0, 10240, 37, 6.89, 210, 405, P8
2026-07-10T02:25:28,1, GPU-65b9a886-d157-27fa-09d1-8894bc5cc135, 48, 4697, 10240, 73, 258.43, 1950, 9251, P2
2026-07-10T02:25:29,0, GPU-fcd97b9d-0c2b-3db7-6002-81a1e2c785ea, 0, 0, 10240, 37, 6.98, 210, 405, P8
2026-07-10T02:25:29,1, GPU-65b9a886-d157-27fa-09d1-8894bc5cc135, 42, 4697, 10240, 74, 255.75, 1935, 9251, P2
2026-07-10T02:25:30,0, GPU-fcd97b9d-0c2b-3db7-6002-81a1e2c785ea, 0, 0, 10240, 37, 7.16, 210, 405, P8
2026-07-10T02:25:30,1, GPU-65b9a886-d157-27fa-09d1-8894bc5cc135, 50, 4697, 10240, 73, 252.85, 1950, 9251, P2
2026-07-10T02:25:31,0, GPU-fcd97b9d-0c2b-3db7-6002-81a1e2c785ea, 0, 0, 10240, 37, 6.93, 210, 405, P8
2026-07-10T02:25:31,1, GPU-65b9a886-d157-27fa-09d1-8894bc5cc135, 46, 4697, 10240, 74, 256.74, 1950, 9251, P2
2026-07-10T02:25:32,0, GPU-fcd97b9d-0c2b-3db7-6002-81a1e2c785ea, 0, 0, 10240, 37, 6.88, 210, 405, P8
2026-07-10T02:25:32,1, GPU-65b9a886-d157-27fa-09d1-8894bc5cc135, 53, 4697, 10240, 75, 254.62, 1920, 9251, P2
2026-07-10T02:25:33,0, GPU-fcd97b9d-0c2b-3db7-6002-81a1e2c785ea, 0, 0, 10240, 37, 6.98, 210, 405, P8
2026-07-10T02:25:33,1, GPU-65b9a886-d157-27fa-09d1-8894bc5cc135, 44, 4697, 10240, 73, 257.34, 1950, 9251, P2
2026-07-10T02:25:34,0, GPU-fcd97b9d-0c2b-3db7-6002-81a1e2c785ea, 0, 0, 10240, 37, 6.72, 210, 405, P8
2026-07-10T02:25:34,1, GPU-65b9a886-d157-27fa-09d1-8894bc5cc135, 70, 4697, 10240, 73, 258.18, 1950, 9251, P2
2026-07-10T02:25:35,0, GPU-fcd97b9d-0c2b-3db7-6002-81a1e2c785ea, 0, 0, 10240, 37, 6.71, 210, 405, P8
2026-07-10T02:25:35,1, GPU-65b9a886-d157-27fa-09d1-8894bc5cc135, 51, 4697, 10240, 73, 257.25, 1950, 9251, P2
2026-07-10T02:25:36,0, GPU-fcd97b9d-0c2b-3db7-6002-81a1e2c785ea, 0, 0, 10240, 37, 6.94, 210, 405, P8
2026-07-10T02:25:36,1, GPU-65b9a886-d157-27fa-09d1-8894bc5cc135, 51, 4697, 10240, 74, 259.14, 1950, 9251, P2
2026-07-10T02:25:37,0, GPU-fcd97b9d-0c2b-3db7-6002-81a1e2c785ea, 0, 0, 10240, 37, 6.88, 210, 405, P8
2026-07-10T02:25:37,1, GPU-65b9a886-d157-27fa-09d1-8894bc5cc135, 48, 4697, 10240, 73, 258.04, 1950, 9251, P2
2026-07-10T02:25:38,0, GPU-fcd97b9d-0c2b-3db7-6002-81a1e2c785ea, 0, 0, 10240, 37, 6.91, 210, 405, P8
2026-07-10T02:25:38,1, GPU-65b9a886-d157-27fa-09d1-8894bc5cc135, 61, 4697, 10240, 73, 259.92, 1950, 9251, P2
2026-07-10T02:25:39,0, GPU-fcd97b9d-0c2b-3db7-6002-81a1e2c785ea, 0, 0, 10240, 37, 7.05, 210, 405, P8
2026-07-10T02:25:39,1, GPU-65b9a886-d157-27fa-09d1-8894bc5cc135, 51, 4697, 10240, 74, 260.72, 1950, 9251, P2
2026-07-10T02:25:40,0, GPU-fcd97b9d-0c2b-3db7-6002-81a1e2c785ea, 0, 0, 10240, 37, 6.83, 210, 405, P8
2026-07-10T02:25:40,1, GPU-65b9a886-d157-27fa-09d1-8894bc5cc135, 63, 4697, 10240, 73, 263.31, 1935, 9251, P2
2026-07-10T02:25:41,0, GPU-fcd97b9d-0c2b-3db7-6002-81a1e2c785ea, 0, 0, 10240, 37, 6.99, 210, 405, P8
2026-07-10T02:25:41,1, GPU-65b9a886-d157-27fa-09d1-8894bc5cc135, 6, 4503, 10240, 69, 246.36, 1950, 9251, P2
2026-07-10T02:25:42,0, GPU-fcd97b9d-0c2b-3db7-6002-81a1e2c785ea, 0, 0, 10240, 37, 6.82, 210, 405, P8
2026-07-10T02:25:42,1, GPU-65b9a886-d157-27fa-09d1-8894bc5cc135, 59, 4697, 10240, 73, 220.72, 1950, 9251, P2
2026-07-10T02:25:43,0, GPU-fcd97b9d-0c2b-3db7-6002-81a1e2c785ea, 0, 0, 10240, 37, 6.96, 210, 405, P8
2026-07-10T02:25:43,1, GPU-65b9a886-d157-27fa-09d1-8894bc5cc135, 69, 4697, 10240, 73, 254.44, 1935, 9251, P2
2026-07-10T02:25:45,0, GPU-fcd97b9d-0c2b-3db7-6002-81a1e2c785ea, 0, 0, 10240, 37, 7.23, 210, 405, P8
2026-07-10T02:25:45,1, GPU-65b9a886-d157-27fa-09d1-8894bc5cc135, 48, 4697, 10240, 73, 253.61, 1875, 9251, P2
2026-07-10T02:25:46,0, GPU-fcd97b9d-0c2b-3db7-6002-81a1e2c785ea, 0, 0, 10240, 37, 6.99, 210, 405, P8
2026-07-10T02:25:46,1, GPU-65b9a886-d157-27fa-09d1-8894bc5cc135, 40, 4697, 10240, 73, 255.40, 1950, 9251, P2
2026-07-10T02:25:47,0, GPU-fcd97b9d-0c2b-3db7-6002-81a1e2c785ea, 0, 0, 10240, 37, 6.99, 210, 405, P8
2026-07-10T02:25:47,1, GPU-65b9a886-d157-27fa-09d1-8894bc5cc135, 51, 4697, 10240, 73, 253.70, 1950, 9251, P2
2026-07-10T02:25:48,0, GPU-fcd97b9d-0c2b-3db7-6002-81a1e2c785ea, 0, 0, 10240, 37, 7.14, 210, 405, P8
2026-07-10T02:25:48,1, GPU-65b9a886-d157-27fa-09d1-8894bc5cc135, 61, 4697, 10240, 73, 254.30, 1950, 9251, P2
2026-07-10T02:25:49,0, GPU-fcd97b9d-0c2b-3db7-6002-81a1e2c785ea, 0, 0, 10240, 37, 7.01, 210, 405, P8
2026-07-10T02:25:49,1, GPU-65b9a886-d157-27fa-09d1-8894bc5cc135, 48, 4697, 10240, 73, 252.21, 1950, 9251, P2
2026-07-10T02:25:50,0, GPU-fcd97b9d-0c2b-3db7-6002-81a1e2c785ea, 0, 0, 10240, 37, 7.04, 210, 405, P8
2026-07-10T02:25:50,1, GPU-65b9a886-d157-27fa-09d1-8894bc5cc135, 51, 4697, 10240, 73, 254.81, 1950, 9251, P2
2026-07-10T02:25:51,0, GPU-fcd97b9d-0c2b-3db7-6002-81a1e2c785ea, 0, 0, 10240, 37, 7.04, 210, 405, P8
2026-07-10T02:25:51,1, GPU-65b9a886-d157-27fa-09d1-8894bc5cc135, 50, 4697, 10240, 74, 255.45, 1935, 9251, P2
2026-07-10T02:25:52,0, GPU-fcd97b9d-0c2b-3db7-6002-81a1e2c785ea, 0, 0, 10240, 37, 7.03, 210, 405, P8
2026-07-10T02:25:52,1, GPU-65b9a886-d157-27fa-09d1-8894bc5cc135, 45, 4697, 10240, 73, 253.51, 1950, 9251, P2
2026-07-10T02:25:53,0, GPU-fcd97b9d-0c2b-3db7-6002-81a1e2c785ea, 0, 0, 10240, 37, 7.16, 210, 405, P8
2026-07-10T02:25:53,1, GPU-65b9a886-d157-27fa-09d1-8894bc5cc135, 45, 4697, 10240, 73, 253.87, 1950, 9251, P2
2026-07-10T02:25:54,0, GPU-fcd97b9d-0c2b-3db7-6002-81a1e2c785ea, 0, 0, 10240, 37, 6.97, 210, 405, P8
2026-07-10T02:25:54,1, GPU-65b9a886-d157-27fa-09d1-8894bc5cc135, 51, 4697, 10240, 74, 255.88, 1890, 9251, P2
2026-07-10T02:25:55,0, GPU-fcd97b9d-0c2b-3db7-6002-81a1e2c785ea, 0, 0, 10240, 37, 6.90, 210, 405, P8
2026-07-10T02:25:55,1, GPU-65b9a886-d157-27fa-09d1-8894bc5cc135, 48, 4697, 10240, 73, 257.81, 1950, 9251, P2
2026-07-10T02:25:56,0, GPU-fcd97b9d-0c2b-3db7-6002-81a1e2c785ea, 0, 0, 10240, 37, 7.10, 210, 405, P8
2026-07-10T02:25:56,1, GPU-65b9a886-d157-27fa-09d1-8894bc5cc135, 71, 4697, 10240, 74, 258.49, 1935, 9251, P2
2026-07-10T02:25:57,0, GPU-fcd97b9d-0c2b-3db7-6002-81a1e2c785ea, 0, 0, 10240, 37, 6.97, 210, 405, P8
2026-07-10T02:25:57,1, GPU-65b9a886-d157-27fa-09d1-8894bc5cc135, 52, 4697, 10240, 73, 257.81, 1935, 9251, P2
2026-07-10T02:25:58,0, GPU-fcd97b9d-0c2b-3db7-6002-81a1e2c785ea, 0, 0, 10240, 37, 6.91, 210, 405, P8
2026-07-10T02:25:58,1, GPU-65b9a886-d157-27fa-09d1-8894bc5cc135, 53, 4697, 10240, 73, 259.11, 1950, 9251, P2
2026-07-10T02:25:59,0, GPU-fcd97b9d-0c2b-3db7-6002-81a1e2c785ea, 0, 0, 10240, 37, 7.07, 210, 405, P8
2026-07-10T02:25:59,1, GPU-65b9a886-d157-27fa-09d1-8894bc5cc135, 51, 4697, 10240, 73, 261.09, 1935, 9251, P2
2026-07-10T02:26:00,0, GPU-fcd97b9d-0c2b-3db7-6002-81a1e2c785ea, 0, 0, 10240, 37, 6.94, 210, 405, P8
2026-07-10T02:26:00,1, GPU-65b9a886-d157-27fa-09d1-8894bc5cc135, 53, 4697, 10240, 74, 259.77, 1935, 9251, P2
2026-07-10T02:26:01,0, GPU-fcd97b9d-0c2b-3db7-6002-81a1e2c785ea, 0, 0, 10240, 37, 7.10, 210, 405, P8
2026-07-10T02:26:01,1, GPU-65b9a886-d157-27fa-09d1-8894bc5cc135, 47, 4697, 10240, 73, 260.73, 1950, 9251, P2
2026-07-10T02:26:02,0, GPU-fcd97b9d-0c2b-3db7-6002-81a1e2c785ea, 0, 0, 10240, 37, 6.87, 210, 405, P8
2026-07-10T02:26:02,1, GPU-65b9a886-d157-27fa-09d1-8894bc5cc135, 72, 4697, 10240, 74, 257.16, 1950, 9251, P2
2026-07-10T02:26:03,0, GPU-fcd97b9d-0c2b-3db7-6002-81a1e2c785ea, 0, 0, 10240, 37, 6.84, 210, 405, P8
2026-07-10T02:26:03,1, GPU-65b9a886-d157-27fa-09d1-8894bc5cc135, 51, 4697, 10240, 73, 260.04, 1950, 9251, P2
